sequence,heads,kv_heads,head_dim,strategy,qtile,kvtile,temporary_bytes,bytes_read,bytes_written,arithmetic_intensity,qk_tiles,skipped_causal_tiles,score_evaluations,exp_evaluations,reduction_operations,l2_traffic,llc_traffic,l2_hit_rate,llc_hit_rate
128,8,8,64,materialized,32,32,1048576,1.83501e+06,1.31072e+06,5.375,80,48,66048,70144,132096,4.1943e+06,3.14573e+06,0.25,0
128,8,8,64,tiled-materialized,32,64,1048576,1.83501e+06,1.31072e+06,5.375,48,16,66048,68096,132096,4.1943e+06,3.14573e+06,0.25,0
128,8,8,64,io-aware,32,64,133120,786432,262144,16.125,48,16,66048,68096,132096,2.62144e+06,1.04858e+06,0.6,0
128,8,8,64,auto-io-aware,32,32,100352,786432,262144,16.125,80,48,66048,70144,132096,2.62144e+06,1.04858e+06,0.6,0
256,8,8,64,materialized,32,32,4194304,5.76717e+06,4.71859e+06,6.425,288,224,263168,279552,526336,1.46801e+07,1.04858e+07,0.285714,0
256,8,8,64,tiled-materialized,32,64,4194304,5.76717e+06,4.71859e+06,6.425,160,96,263168,271360,526336,1.46801e+07,1.04858e+07,0.285714,0
256,8,8,64,io-aware,32,64,133120,1.57286e+06,524288,32.125,160,96,263168,271360,526336,9.43718e+06,2.09715e+06,0.777778,0
256,8,8,64,auto-io-aware,32,32,100352,1.57286e+06,524288,32.125,288,224,263168,279552,526336,9.43718e+06,2.09715e+06,0.777778,0
512,8,8,64,materialized,32,32,16777216,1.99229e+07,1.78258e+07,7.125,1088,960,1.05062e+06,1.11616e+06,2.10125e+06,5.4526e+07,3.77487e+07,0.307692,0
512,8,8,64,tiled-materialized,32,64,16777216,1.99229e+07,1.78258e+07,7.125,576,448,1.05062e+06,1.08339e+06,2.10125e+06,5.4526e+07,3.77487e+07,0.307692,0
512,8,8,64,io-aware,32,64,133120,3.14573e+06,1.04858e+06,64.125,576,448,1.05062e+06,1.08339e+06,2.10125e+06,3.56516e+07,4.1943e+06,0.882353,0
512,8,8,64,auto-io-aware,32,32,100352,3.14573e+06,1.04858e+06,64.125,1088,960,1.05062e+06,1.11616e+06,2.10125e+06,3.56516e+07,4.1943e+06,0.882353,0
1024,8,8,64,materialized,32,32,67108864,7.34003e+07,6.9206e+07,7.53676,4224,3968,4.1984e+06,4.46054e+06,8.3968e+06,2.09715e+08,1.42606e+08,0.32,0
1024,8,8,64,tiled-materialized,32,64,67108864,7.34003e+07,6.9206e+07,7.53676,2176,1920,4.1984e+06,4.32947e+06,8.3968e+06,2.09715e+08,1.42606e+08,0.32,0
1024,8,8,64,io-aware,32,64,133120,6.29146e+06,2.09715e+06,128.125,2176,1920,4.1984e+06,4.32947e+06,8.3968e+06,1.38412e+08,8.38861e+06,0.939394,0
1024,8,8,64,auto-io-aware,32,32,100352,6.29146e+06,2.09715e+06,128.125,4224,3968,4.1984e+06,4.46054e+06,8.3968e+06,1.38412e+08,8.38861e+06,0.939394,0
2048,8,8,64,materialized,32,32,268435456,2.81018e+08,2.7263e+08,7.76136,16640,16128,1.67854e+07,1.7834e+07,3.35708e+07,8.22084e+08,5.53648e+08,0.326531,0
2048,8,8,64,tiled-materialized,32,64,268435456,2.81018e+08,2.7263e+08,7.76136,8448,7936,1.67854e+07,1.73097e+07,3.35708e+07,8.22084e+08,5.53648e+08,0.326531,0
2048,8,8,64,io-aware,32,64,133120,1.25829e+07,4.1943e+06,256.125,8448,7936,1.67854e+07,1.73097e+07,3.35708e+07,5.4526e+08,1.67772e+07,0.969231,0
2048,8,8,64,auto-io-aware,32,32,100352,1.25829e+07,4.1943e+06,256.125,16640,16128,1.67854e+07,1.7834e+07,3.35708e+07,5.4526e+08,1.67772e+07,0.969231,0
4096,8,8,64,materialized,32,32,1073741824,1.09891e+09,1.08213e+09,7.87885,66048,65024,6.71252e+07,7.13196e+07,1.3425e+08,3.25478e+09,2.18104e+09,0.329897,0
4096,8,8,64,tiled-materialized,32,64,1073741824,1.09891e+09,1.08213e+09,7.87885,33280,32256,6.71252e+07,6.92224e+07,1.3425e+08,3.25478e+09,2.18104e+09,0.329897,0
4096,8,8,64,io-aware,32,64,133120,2.51658e+07,8.38861e+06,512.125,33280,32256,6.71252e+07,6.92224e+07,1.3425e+08,2.16426e+09,3.35544e+07,0.984496,0
4096,8,8,64,auto-io-aware,32,32,100352,2.51658e+07,8.38861e+06,512.125,66048,65024,6.71252e+07,7.13196e+07,1.3425e+08,2.16426e+09,3.35544e+07,0.984496,0
128,8,8,128,materialized,16,32,1048576,2.62144e+06,1.57286e+06,8.0625,160,96,66048,70144,132096,5.24288e+06,4.1943e+06,0.2,0
128,8,8,128,tiled-materialized,32,64,1048576,2.62144e+06,1.57286e+06,8.0625,48,16,66048,68096,132096,5.24288e+06,4.1943e+06,0.2,0
128,8,8,128,io-aware,32,64,198656,1.57286e+06,524288,16.125,48,16,66048,68096,132096,5.24288e+06,2.09715e+06,0.6,0
128,8,8,128,auto-io-aware,16,32,82944,1.57286e+06,524288,16.125,160,96,66048,70144,132096,9.43718e+06,2.09715e+06,0.777778,0
256,8,8,128,materialized,16,32,4194304,7.34003e+06,5.24288e+06,10.7083,576,448,263168,279552,526336,1.67772e+07,1.25829e+07,0.25,0
256,8,8,128,tiled-materialized,32,64,4194304,7.34003e+06,5.24288e+06,10.7083,160,96,263168,271360,526336,1.67772e+07,1.25829e+07,0.25,0
256,8,8,128,io-aware,32,64,198656,3.14573e+06,1.04858e+06,32.125,160,96,263168,271360,526336,1.88744e+07,4.1943e+06,0.777778,0
256,8,8,128,auto-io-aware,16,32,82944,3.14573e+06,1.04858e+06,32.125,576,448,263168,279552,526336,3.56516e+07,4.1943e+06,0.882353,0
512,8,8,128,materialized,16,32,16777216,2.30687e+07,1.88744e+07,12.825,2176,1920,1.05062e+06,1.11616e+06,2.10125e+06,5.87203e+07,4.1943e+07,0.285714,0
512,8,8,128,tiled-materialized,32,64,16777216,2.30687e+07,1.88744e+07,12.825,576,448,1.05062e+06,1.08339e+06,2.10125e+06,5.87203e+07,4.1943e+07,0.285714,0
512,8,8,128,io-aware,32,64,198656,6.29146e+06,2.09715e+06,64.125,576,448,1.05062e+06,1.08339e+06,2.10125e+06,7.13032e+07,8.38861e+06,0.882353,0
512,8,8,128,auto-io-aware,16,32,82944,6.29146e+06,2.09715e+06,64.125,2176,1920,1.05062e+06,1.11616e+06,2.10125e+06,1.38412e+08,8.38861e+06,0.939394,0
1024,8,8,128,materialized,16,32,67108864,7.96918e+07,7.13032e+07,14.2361,8448,7936,4.1984e+06,4.46054e+06,8.3968e+06,2.18104e+08,1.50995e+08,0.307692,0
1024,8,8,128,tiled-materialized,32,64,67108864,7.96918e+07,7.13032e+07,14.2361,2176,1920,4.1984e+06,4.32947e+06,8.3968e+06,2.18104e+08,1.50995e+08,0.307692,0
1024,8,8,128,io-aware,32,64,198656,1.25829e+07,4.1943e+06,128.125,2176,1920,4.1984e+06,4.32947e+06,8.3968e+06,2.76824e+08,1.67772e+07,0.939394,0
1024,8,8,128,auto-io-aware,16,32,82944,1.25829e+07,4.1943e+06,128.125,8448,7936,4.1984e+06,4.46054e+06,8.3968e+06,5.4526e+08,1.67772e+07,0.969231,0
2048,8,8,128,materialized,16,32,268435456,2.93601e+08,2.76824e+08,15.0662,33280,32256,1.67854e+07,1.7834e+07,3.35708e+07,8.38861e+08,5.70425e+08,0.32,0
2048,8,8,128,tiled-materialized,32,64,268435456,2.93601e+08,2.76824e+08,15.0662,8448,7936,1.67854e+07,1.73097e+07,3.35708e+07,8.38861e+08,5.70425e+08,0.32,0
2048,8,8,128,io-aware,32,64,198656,2.51658e+07,8.38861e+06,256.125,8448,7936,1.67854e+07,1.73097e+07,3.35708e+07,1.09052e+09,3.35544e+07,0.969231,0
2048,8,8,128,auto-io-aware,16,32,82944,2.51658e+07,8.38861e+06,256.125,33280,32256,1.67854e+07,1.7834e+07,3.35708e+07,2.16426e+09,3.35544e+07,0.984496,0
4096,8,8,128,materialized,16,32,1073741824,1.12407e+09,1.09052e+09,15.5189,132096,130048,6.71252e+07,7.13196e+07,1.3425e+08,3.28833e+09,2.21459e+09,0.326531,0
4096,8,8,128,tiled-materialized,32,64,1073741824,1.12407e+09,1.09052e+09,15.5189,33280,32256,6.71252e+07,6.92224e+07,1.3425e+08,3.28833e+09,2.21459e+09,0.326531,0
4096,8,8,128,io-aware,32,64,198656,4.31174e+09,1.67772e+07,7.93992,33280,32256,6.71252e+07,6.92224e+07,1.3425e+08,4.32852e+09,4.32852e+09,0,0
4096,8,8,128,auto-io-aware,16,32,82944,8.60671e+09,1.67772e+07,3.98541,132096,130048,6.71252e+07,7.13196e+07,1.3425e+08,8.62349e+09,8.62349e+09,0,0
128,12,12,64,materialized,32,32,1572864,2.75251e+06,1.96608e+06,5.375,120,72,99072,105216,198144,6.29146e+06,4.71859e+06,0.25,0
128,12,12,64,tiled-materialized,32,64,1572864,2.75251e+06,1.96608e+06,5.375,72,24,99072,102144,198144,6.29146e+06,4.71859e+06,0.25,0
128,12,12,64,io-aware,32,64,133120,1.17965e+06,393216,16.125,72,24,99072,102144,198144,3.93216e+06,1.57286e+06,0.6,0
128,12,12,64,auto-io-aware,32,32,100352,1.17965e+06,393216,16.125,120,72,99072,105216,198144,3.93216e+06,1.57286e+06,0.6,0
256,12,12,64,materialized,32,32,6291456,8.65075e+06,7.07789e+06,6.425,432,336,394752,419328,789504,2.20201e+07,1.57286e+07,0.285714,0
256,12,12,64,tiled-materialized,32,64,6291456,8.65075e+06,7.07789e+06,6.425,240,144,394752,407040,789504,2.20201e+07,1.57286e+07,0.285714,0
256,12,12,64,io-aware,32,64,133120,2.3593e+06,786432,32.125,240,144,394752,407040,789504,1.41558e+07,3.14573e+06,0.777778,0
256,12,12,64,auto-io-aware,32,32,100352,2.3593e+06,786432,32.125,432,336,394752,419328,789504,1.41558e+07,3.14573e+06,0.777778,0
512,12,12,64,materialized,32,32,25165824,2.98844e+07,2.67387e+07,7.125,1632,1440,1.57594e+06,1.67424e+06,3.15187e+06,8.17889e+07,5.66231e+07,0.307692,0
512,12,12,64,tiled-materialized,32,64,25165824,2.98844e+07,2.67387e+07,7.125,864,672,1.57594e+06,1.62509e+06,3.15187e+06,8.17889e+07,5.66231e+07,0.307692,0
512,12,12,64,io-aware,32,64,133120,4.71859e+06,1.57286e+06,64.125,864,672,1.57594e+06,1.62509e+06,3.15187e+06,5.34774e+07,6.29146e+06,0.882353,0
512,12,12,64,auto-io-aware,32,32,100352,4.71859e+06,1.57286e+06,64.125,1632,1440,1.57594e+06,1.67424e+06,3.15187e+06,5.34774e+07,6.29146e+06,0.882353,0
1024,12,12,64,materialized,32,32,100663296,1.101e+08,1.03809e+08,7.53676,6336,5952,6.2976e+06,6.69082e+06,1.25952e+07,3.14573e+08,2.1391e+08,0.32,0
1024,12,12,64,tiled-materialized,32,64,100663296,1.101e+08,1.03809e+08,7.53676,3264,2880,6.2976e+06,6.49421e+06,1.25952e+07,3.14573e+08,2.1391e+08,0.32,0
1024,12,12,64,io-aware,32,64,133120,9.43718e+06,3.14573e+06,128.125,3264,2880,6.2976e+06,6.49421e+06,1.25952e+07,2.07618e+08,1.25829e+07,0.939394,0
1024,12,12,64,auto-io-aware,32,32,100352,9.43718e+06,3.14573e+06,128.125,6336,5952,6.2976e+06,6.69082e+06,1.25952e+07,2.07618e+08,1.25829e+07,0.939394,0
2048,12,12,64,materialized,32,32,402653184,4.21528e+08,4.08945e+08,7.76136,24960,24192,2.51781e+07,2.6751e+07,5.03562e+07,1.23313e+09,8.30472e+08,0.326531,0
2048,12,12,64,tiled-materialized,32,64,402653184,4.21528e+08,4.08945e+08,7.76136,12672,11904,2.51781e+07,2.59645e+07,5.03562e+07,1.23313e+09,8.30472e+08,0.326531,0
2048,12,12,64,io-aware,32,64,133120,1.88744e+07,6.29146e+06,256.125,12672,11904,2.51781e+07,2.59645e+07,5.03562e+07,8.17889e+08,2.51658e+07,0.969231,0
2048,12,12,64,auto-io-aware,32,32,100352,1.88744e+07,6.29146e+06,256.125,24960,24192,2.51781e+07,2.6751e+07,5.03562e+07,8.17889e+08,2.51658e+07,0.969231,0
4096,12,12,64,materialized,32,32,1610612736,1.64836e+09,1.6232e+09,7.87885,99072,97536,1.00688e+08,1.06979e+08,2.01376e+08,4.88217e+09,3.27156e+09,0.329897,0
4096,12,12,64,tiled-materialized,32,64,1610612736,1.64836e+09,1.6232e+09,7.87885,49920,48384,1.00688e+08,1.03834e+08,2.01376e+08,4.88217e+09,3.27156e+09,0.329897,0
4096,12,12,64,io-aware,32,64,133120,3.77487e+07,1.25829e+07,512.125,49920,48384,1.00688e+08,1.03834e+08,2.01376e+08,3.24639e+09,5.03316e+07,0.984496,0
4096,12,12,64,auto-io-aware,32,32,100352,3.77487e+07,1.25829e+07,512.125,99072,97536,1.00688e+08,1.06979e+08,2.01376e+08,3.24639e+09,5.03316e+07,0.984496,0
128,12,12,128,materialized,16,32,1572864,3.93216e+06,2.3593e+06,8.0625,240,144,99072,105216,198144,7.86432e+06,6.29146e+06,0.2,0
128,12,12,128,tiled-materialized,32,64,1572864,3.93216e+06,2.3593e+06,8.0625,72,24,99072,102144,198144,7.86432e+06,6.29146e+06,0.2,0
128,12,12,128,io-aware,32,64,198656,2.3593e+06,786432,16.125,72,24,99072,102144,198144,7.86432e+06,3.14573e+06,0.6,0
128,12,12,128,auto-io-aware,16,32,82944,2.3593e+06,786432,16.125,240,144,99072,105216,198144,1.41558e+07,3.14573e+06,0.777778,0
256,12,12,128,materialized,16,32,6291456,1.101e+07,7.86432e+06,10.7083,864,672,394752,419328,789504,2.51658e+07,1.88744e+07,0.25,0
256,12,12,128,tiled-materialized,32,64,6291456,1.101e+07,7.86432e+06,10.7083,240,144,394752,407040,789504,2.51658e+07,1.88744e+07,0.25,0
256,12,12,128,io-aware,32,64,198656,4.71859e+06,1.57286e+06,32.125,240,144,394752,407040,789504,2.83116e+07,6.29146e+06,0.777778,0
256,12,12,128,auto-io-aware,16,32,82944,4.71859e+06,1.57286e+06,32.125,864,672,394752,419328,789504,5.34774e+07,6.29146e+06,0.882353,0
512,12,12,128,materialized,16,32,25165824,3.4603e+07,2.83116e+07,12.825,3264,2880,1.57594e+06,1.67424e+06,3.15187e+06,8.80804e+07,6.29146e+07,0.285714,0
512,12,12,128,tiled-materialized,32,64,25165824,3.4603e+07,2.83116e+07,12.825,864,672,1.57594e+06,1.62509e+06,3.15187e+06,8.80804e+07,6.29146e+07,0.285714,0
512,12,12,128,io-aware,32,64,198656,9.43718e+06,3.14573e+06,64.125,864,672,1.57594e+06,1.62509e+06,3.15187e+06,1.06955e+08,1.25829e+07,0.882353,0
512,12,12,128,auto-io-aware,16,32,82944,9.43718e+06,3.14573e+06,64.125,3264,2880,1.57594e+06,1.67424e+06,3.15187e+06,2.07618e+08,1.25829e+07,0.939394,0
1024,12,12,128,materialized,16,32,100663296,1.19538e+08,1.06955e+08,14.2361,12672,11904,6.2976e+06,6.69082e+06,1.25952e+07,3.27156e+08,2.26492e+08,0.307692,0
1024,12,12,128,tiled-materialized,32,64,100663296,1.19538e+08,1.06955e+08,14.2361,3264,2880,6.2976e+06,6.49421e+06,1.25952e+07,3.27156e+08,2.26492e+08,0.307692,0
1024,12,12,128,io-aware,32,64,198656,1.88744e+07,6.29146e+06,128.125,3264,2880,6.2976e+06,6.49421e+06,1.25952e+07,4.15236e+08,2.51658e+07,0.939394,0
1024,12,12,128,auto-io-aware,16,32,82944,1.88744e+07,6.29146e+06,128.125,12672,11904,6.2976e+06,6.69082e+06,1.25952e+07,8.17889e+08,2.51658e+07,0.969231,0
2048,12,12,128,materialized,16,32,402653184,4.40402e+08,4.15236e+08,15.0662,49920,48384,2.51781e+07,2.6751e+07,5.03562e+07,1.25829e+09,8.55638e+08,0.32,0
2048,12,12,128,tiled-materialized,32,64,402653184,4.40402e+08,4.15236e+08,15.0662,12672,11904,2.51781e+07,2.59645e+07,5.03562e+07,1.25829e+09,8.55638e+08,0.32,0
2048,12,12,128,io-aware,32,64,198656,3.77487e+07,1.25829e+07,256.125,12672,11904,2.51781e+07,2.59645e+07,5.03562e+07,1.63578e+09,5.03316e+07,0.969231,0
2048,12,12,128,auto-io-aware,16,32,82944,3.77487e+07,1.25829e+07,256.125,49920,48384,2.51781e+07,2.6751e+07,5.03562e+07,3.24639e+09,5.03316e+07,0.984496,0
4096,12,12,128,materialized,16,32,1610612736,1.68611e+09,1.63578e+09,15.5189,198144,195072,1.00688e+08,1.06979e+08,2.01376e+08,4.9325e+09,3.32189e+09,0.326531,0
4096,12,12,128,tiled-materialized,32,64,1610612736,1.68611e+09,1.63578e+09,15.5189,49920,48384,1.00688e+08,1.03834e+08,2.01376e+08,4.9325e+09,3.32189e+09,0.326531,0
4096,12,12,128,io-aware,32,64,198656,6.46762e+09,2.51658e+07,7.93992,49920,48384,1.00688e+08,1.03834e+08,2.01376e+08,6.49278e+09,6.49278e+09,0,0
4096,12,12,128,auto-io-aware,16,32,82944,1.29101e+10,2.51658e+07,3.98541,198144,195072,1.00688e+08,1.06979e+08,2.01376e+08,1.29352e+10,1.29352e+10,0,0
