profile,candidate,selected,measured,latency_ms,analytical_score,workspace_bytes,materialization_bytes,layout,schedule,placement,materialize,reuse,threads,attention
tiny-prefill-s128,0,1,1,3.698124,14.570483,2375680,262144,head_major,latency,compact,1,1,20,auto-io-aware
tiny-prefill-s128,1,0,1,4.228643,2.320483,2113536,0,head_major,throughput,spread,0,1,20,io-aware
tiny-prefill-s128,2,0,1,5.532857,2.595734,2113536,0,head_major,throughput,spread,0,1,20,tiled-materialized
tiny-prefill-s128,3,0,1,4.209181,2.620483,2113536,0,head_major,throughput,spread,0,1,8,io-aware
tiny-prefill-s128,4,0,1,5.375930,2.895734,2113536,0,head_major,throughput,spread,0,1,8,tiled-materialized
tiny-prefill-s128,5,0,1,5.742115,3.120483,2113536,0,head_major,throughput,spread,0,1,4,io-aware
tiny-prefill-s128,6,0,1,6.591836,3.395734,2113536,0,head_major,throughput,spread,0,1,4,tiled-materialized
tiny-prefill-s128,7,0,0,0.000000,4.434740,4330496,0,head_major,throughput,spread,0,0,20,io-aware
tiny-prefill-s128,8,0,0,0.000000,4.591186,4179968,0,head_major,throughput,spread,0,0,8,io-aware
tiny-prefill-s128,9,0,0,0.000000,5.043334,4129792,0,head_major,throughput,spread,0,0,4,io-aware
tiny-prefill-s128,10,0,0,0.000000,5.470734,5128192,0,head_major,throughput,spread,0,0,20,tiled-materialized
tiny-prefill-s128,11,0,0,0.000000,5.770734,5128192,0,head_major,throughput,spread,0,0,8,tiled-materialized
tiny-prefill-s128,12,0,0,0.000000,6.120483,2113536,0,head_major,throughput,spread,0,1,2,io-aware
tiny-prefill-s128,13,0,0,0.000000,6.270734,5128192,0,head_major,throughput,spread,0,0,4,tiled-materialized
tiny-prefill-s128,14,0,0,0.000000,6.395734,2113536,0,head_major,throughput,spread,0,1,2,tiled-materialized
tiny-prefill-s128,15,0,0,0.000000,6.570483,2375680,262144,head_major,throughput,spread,1,1,20,io-aware
tiny-prefill-s128,16,0,0,0.000000,6.845734,2375680,262144,head_major,throughput,spread,1,1,20,tiled-materialized
tiny-prefill-s128,17,0,0,0.000000,6.870483,2375680,262144,head_major,throughput,spread,1,1,8,io-aware
tiny-prefill-s128,18,0,0,0.000000,7.145734,2375680,262144,head_major,throughput,spread,1,1,8,tiled-materialized
tiny-prefill-s128,19,0,0,0.000000,7.370483,2375680,262144,head_major,throughput,spread,1,1,4,io-aware
tiny-prefill-s128,20,0,0,0.000000,7.645734,2375680,262144,head_major,throughput,spread,1,1,4,tiled-materialized
tiny-prefill-s128,21,0,0,0.000000,8.019408,4104704,0,head_major,throughput,spread,0,0,2,io-aware
tiny-prefill-s128,22,0,0,0.000000,8.120483,2113536,0,head_major,throughput,spread,0,1,1,io-aware
tiny-prefill-s128,23,0,0,0.000000,8.395734,2113536,0,head_major,throughput,spread,0,1,1,tiled-materialized
tiny-prefill-s128,24,0,0,0.000000,8.684740,4592640,262144,head_major,throughput,spread,1,0,20,io-aware
tiny-prefill-s128,25,0,0,0.000000,8.841186,4442112,262144,head_major,throughput,spread,1,0,8,io-aware
tiny-prefill-s128,26,0,0,0.000000,9.270734,5128192,0,head_major,throughput,spread,0,0,2,tiled-materialized
tiny-prefill-s128,27,0,0,0.000000,9.293334,4391936,262144,head_major,throughput,spread,1,0,4,io-aware
tiny-prefill-s128,28,0,0,0.000000,9.720734,5390336,262144,head_major,throughput,spread,1,0,20,tiled-materialized
tiny-prefill-s128,29,0,0,0.000000,10.007445,4092160,0,head_major,throughput,spread,0,0,1,io-aware
tiny-prefill-s128,30,0,0,0.000000,10.020734,5390336,262144,head_major,throughput,spread,1,0,8,tiled-materialized
tiny-prefill-s128,31,0,0,0.000000,10.320483,2113536,0,head_major,latency,compact,0,1,20,io-aware
tiny-prefill-s128,32,0,0,0.000000,10.370483,2375680,262144,head_major,throughput,spread,1,1,2,io-aware
tiny-prefill-s128,33,0,0,0.000000,10.520734,5390336,262144,head_major,throughput,spread,1,0,4,tiled-materialized
tiny-prefill-s128,34,0,0,0.000000,10.595734,2113536,0,head_major,latency,compact,0,1,20,tiled-materialized
tiny-prefill-s128,35,0,0,0.000000,10.620483,2113536,0,head_major,latency,compact,0,1,8,io-aware
tiny-prefill-s128,36,0,0,0.000000,10.645734,2375680,262144,head_major,throughput,spread,1,1,2,tiled-materialized
tiny-prefill-s128,37,0,0,0.000000,10.895734,2113536,0,head_major,latency,compact,0,1,8,tiled-materialized
tiny-prefill-s128,38,0,0,0.000000,11.120483,2113536,0,head_major,latency,compact,0,1,4,io-aware
tiny-prefill-s128,39,0,0,0.000000,11.270734,5128192,0,head_major,throughput,spread,0,0,1,tiled-materialized
tiny-prefill-s128,40,0,0,0.000000,11.395734,2113536,0,head_major,latency,compact,0,1,4,tiled-materialized
tiny-prefill-s128,41,0,0,0.000000,12.120483,2113536,0,head_major,latency,compact,0,1,2,io-aware
tiny-prefill-s128,42,0,0,0.000000,12.269408,4366848,262144,head_major,throughput,spread,1,0,2,io-aware
tiny-prefill-s128,43,0,0,0.000000,12.370483,2375680,262144,head_major,throughput,spread,1,1,1,io-aware
tiny-prefill-s128,44,0,0,0.000000,12.395734,2113536,0,head_major,latency,compact,0,1,2,tiled-materialized
tiny-prefill-s128,45,0,0,0.000000,12.434740,4330496,0,head_major,latency,compact,0,0,20,io-aware
tiny-prefill-s128,46,0,0,0.000000,12.591186,4179968,0,head_major,latency,compact,0,0,8,io-aware
tiny-prefill-s128,47,0,0,0.000000,12.645734,2375680,262144,head_major,throughput,spread,1,1,1,tiled-materialized
tiny-prefill-s128,48,0,0,0.000000,13.043334,4129792,0,head_major,latency,compact,0,0,4,io-aware
tiny-prefill-s128,49,0,0,0.000000,13.470734,5128192,0,head_major,latency,compact,0,0,20,tiled-materialized
tiny-prefill-s128,50,0,0,0.000000,13.520734,5390336,262144,head_major,throughput,spread,1,0,2,tiled-materialized
tiny-prefill-s128,51,0,0,0.000000,13.770734,5128192,0,head_major,latency,compact,0,0,8,tiled-materialized
tiny-prefill-s128,52,0,0,0.000000,14.019408,4104704,0,head_major,latency,compact,0,0,2,io-aware
tiny-prefill-s128,53,0,0,0.000000,14.120483,2113536,0,head_major,latency,compact,0,1,1,io-aware
tiny-prefill-s128,54,0,0,0.000000,14.257445,4354304,262144,head_major,throughput,spread,1,0,1,io-aware
tiny-prefill-s128,55,0,0,0.000000,14.270734,5128192,0,head_major,latency,compact,0,0,4,tiled-materialized
tiny-prefill-s128,56,0,0,0.000000,14.395734,2113536,0,head_major,latency,compact,0,1,1,tiled-materialized
tiny-prefill-s128,57,0,0,0.000000,14.570483,2375680,262144,head_major,latency,compact,1,1,20,io-aware
tiny-prefill-s128,58,0,0,0.000000,14.845734,2375680,262144,head_major,latency,compact,1,1,20,tiled-materialized
tiny-prefill-s128,59,0,0,0.000000,14.870483,2375680,262144,head_major,latency,compact,1,1,8,io-aware
tiny-prefill-s128,60,0,0,0.000000,15.145734,2375680,262144,head_major,latency,compact,1,1,8,tiled-materialized
tiny-prefill-s128,61,0,0,0.000000,15.270734,5128192,0,head_major,latency,compact,0,0,2,tiled-materialized
tiny-prefill-s128,62,0,0,0.000000,15.370483,2375680,262144,head_major,latency,compact,1,1,4,io-aware
tiny-prefill-s128,63,0,0,0.000000,15.520734,5390336,262144,head_major,throughput,spread,1,0,1,tiled-materialized
tiny-prefill-s128,64,0,0,0.000000,15.645734,2375680,262144,head_major,latency,compact,1,1,4,tiled-materialized
tiny-prefill-s128,65,0,0,0.000000,16.007445,4092160,0,head_major,latency,compact,0,0,1,io-aware
tiny-prefill-s128,66,0,0,0.000000,16.370483,2375680,262144,head_major,latency,compact,1,1,2,io-aware
tiny-prefill-s128,67,0,0,0.000000,16.645734,2375680,262144,head_major,latency,compact,1,1,2,tiled-materialized
tiny-prefill-s128,68,0,0,0.000000,16.684740,4592640,262144,head_major,latency,compact,1,0,20,io-aware
tiny-prefill-s128,69,0,0,0.000000,16.841186,4442112,262144,head_major,latency,compact,1,0,8,io-aware
tiny-prefill-s128,70,0,0,0.000000,17.270734,5128192,0,head_major,latency,compact,0,0,1,tiled-materialized
tiny-prefill-s128,71,0,0,0.000000,17.293334,4391936,262144,head_major,latency,compact,1,0,4,io-aware
tiny-prefill-s128,72,0,0,0.000000,17.720734,5390336,262144,head_major,latency,compact,1,0,20,tiled-materialized
tiny-prefill-s128,73,0,0,0.000000,18.020734,5390336,262144,head_major,latency,compact,1,0,8,tiled-materialized
tiny-prefill-s128,74,0,0,0.000000,18.269408,4366848,262144,head_major,latency,compact,1,0,2,io-aware
tiny-prefill-s128,75,0,0,0.000000,18.320483,2113536,0,token_major,throughput,spread,0,1,20,io-aware
tiny-prefill-s128,76,0,0,0.000000,18.370483,2375680,262144,head_major,latency,compact,1,1,1,io-aware
tiny-prefill-s128,77,0,0,0.000000,18.520734,5390336,262144,head_major,latency,compact,1,0,4,tiled-materialized
tiny-prefill-s128,78,0,0,0.000000,18.595734,2113536,0,token_major,throughput,spread,0,1,20,tiled-materialized
tiny-prefill-s128,79,0,0,0.000000,18.620483,2113536,0,token_major,throughput,spread,0,1,8,io-aware
tiny-prefill-s128,80,0,0,0.000000,18.645734,2375680,262144,head_major,latency,compact,1,1,1,tiled-materialized
tiny-prefill-s128,81,0,0,0.000000,18.895734,2113536,0,token_major,throughput,spread,0,1,8,tiled-materialized
tiny-prefill-s128,82,0,0,0.000000,19.120483,2113536,0,token_major,throughput,spread,0,1,4,io-aware
tiny-prefill-s128,83,0,0,0.000000,19.395734,2113536,0,token_major,throughput,spread,0,1,4,tiled-materialized
tiny-prefill-s128,84,0,0,0.000000,19.520734,5390336,262144,head_major,latency,compact,1,0,2,tiled-materialized
tiny-prefill-s128,85,0,0,0.000000,20.257445,4354304,262144,head_major,latency,compact,1,0,1,io-aware
tiny-prefill-s128,86,0,0,0.000000,20.434740,4330496,0,token_major,throughput,spread,0,0,20,io-aware
tiny-prefill-s128,87,0,0,0.000000,20.591186,4179968,0,token_major,throughput,spread,0,0,8,io-aware
tiny-prefill-s128,88,0,0,0.000000,21.043334,4129792,0,token_major,throughput,spread,0,0,4,io-aware
tiny-prefill-s128,89,0,0,0.000000,21.470734,5128192,0,token_major,throughput,spread,0,0,20,tiled-materialized
tiny-prefill-s128,90,0,0,0.000000,21.520734,5390336,262144,head_major,latency,compact,1,0,1,tiled-materialized
tiny-prefill-s128,91,0,0,0.000000,21.770734,5128192,0,token_major,throughput,spread,0,0,8,tiled-materialized
tiny-prefill-s128,92,0,0,0.000000,22.120483,2113536,0,token_major,throughput,spread,0,1,2,io-aware
tiny-prefill-s128,93,0,0,0.000000,22.270734,5128192,0,token_major,throughput,spread,0,0,4,tiled-materialized
tiny-prefill-s128,94,0,0,0.000000,22.395734,2113536,0,token_major,throughput,spread,0,1,2,tiled-materialized
tiny-prefill-s128,95,0,0,0.000000,22.570483,2375680,262144,token_major,throughput,spread,1,1,20,io-aware
tiny-prefill-s128,96,0,0,0.000000,22.845734,2375680,262144,token_major,throughput,spread,1,1,20,tiled-materialized
tiny-prefill-s128,97,0,0,0.000000,22.870483,2375680,262144,token_major,throughput,spread,1,1,8,io-aware
tiny-prefill-s128,98,0,0,0.000000,23.145734,2375680,262144,token_major,throughput,spread,1,1,8,tiled-materialized
tiny-prefill-s128,99,0,0,0.000000,23.370483,2375680,262144,token_major,throughput,spread,1,1,4,io-aware
tiny-prefill-s128,100,0,0,0.000000,23.645734,2375680,262144,token_major,throughput,spread,1,1,4,tiled-materialized
tiny-prefill-s128,101,0,0,0.000000,24.019408,4104704,0,token_major,throughput,spread,0,0,2,io-aware
tiny-prefill-s128,102,0,0,0.000000,24.120483,2113536,0,token_major,throughput,spread,0,1,1,io-aware
tiny-prefill-s128,103,0,0,0.000000,24.395734,2113536,0,token_major,throughput,spread,0,1,1,tiled-materialized
tiny-prefill-s128,104,0,0,0.000000,24.684740,4592640,262144,token_major,throughput,spread,1,0,20,io-aware
tiny-prefill-s128,105,0,0,0.000000,24.841186,4442112,262144,token_major,throughput,spread,1,0,8,io-aware
tiny-prefill-s128,106,0,0,0.000000,25.270734,5128192,0,token_major,throughput,spread,0,0,2,tiled-materialized
tiny-prefill-s128,107,0,0,0.000000,25.293334,4391936,262144,token_major,throughput,spread,1,0,4,io-aware
tiny-prefill-s128,108,0,0,0.000000,25.720734,5390336,262144,token_major,throughput,spread,1,0,20,tiled-materialized
tiny-prefill-s128,109,0,0,0.000000,26.007445,4092160,0,token_major,throughput,spread,0,0,1,io-aware
tiny-prefill-s128,110,0,0,0.000000,26.020734,5390336,262144,token_major,throughput,spread,1,0,8,tiled-materialized
tiny-prefill-s128,111,0,0,0.000000,26.320483,2113536,0,token_major,latency,compact,0,1,20,io-aware
tiny-prefill-s128,112,0,0,0.000000,26.370483,2375680,262144,token_major,throughput,spread,1,1,2,io-aware
tiny-prefill-s128,113,0,0,0.000000,26.520734,5390336,262144,token_major,throughput,spread,1,0,4,tiled-materialized
tiny-prefill-s128,114,0,0,0.000000,26.595734,2113536,0,token_major,latency,compact,0,1,20,tiled-materialized
tiny-prefill-s128,115,0,0,0.000000,26.620483,2113536,0,token_major,latency,compact,0,1,8,io-aware
tiny-prefill-s128,116,0,0,0.000000,26.645734,2375680,262144,token_major,throughput,spread,1,1,2,tiled-materialized
tiny-prefill-s128,117,0,0,0.000000,26.895734,2113536,0,token_major,latency,compact,0,1,8,tiled-materialized
tiny-prefill-s128,118,0,0,0.000000,27.120483,2113536,0,token_major,latency,compact,0,1,4,io-aware
tiny-prefill-s128,119,0,0,0.000000,27.270734,5128192,0,token_major,throughput,spread,0,0,1,tiled-materialized
tiny-prefill-s128,120,0,0,0.000000,27.395734,2113536,0,token_major,latency,compact,0,1,4,tiled-materialized
tiny-prefill-s128,121,0,0,0.000000,28.120483,2113536,0,token_major,latency,compact,0,1,2,io-aware
tiny-prefill-s128,122,0,0,0.000000,28.269408,4366848,262144,token_major,throughput,spread,1,0,2,io-aware
tiny-prefill-s128,123,0,0,0.000000,28.370483,2375680,262144,token_major,throughput,spread,1,1,1,io-aware
tiny-prefill-s128,124,0,0,0.000000,28.395734,2113536,0,token_major,latency,compact,0,1,2,tiled-materialized
tiny-prefill-s128,125,0,0,0.000000,28.434740,4330496,0,token_major,latency,compact,0,0,20,io-aware
tiny-prefill-s128,126,0,0,0.000000,28.591186,4179968,0,token_major,latency,compact,0,0,8,io-aware
tiny-prefill-s128,127,0,0,0.000000,28.645734,2375680,262144,token_major,throughput,spread,1,1,1,tiled-materialized
tiny-prefill-s128,128,0,0,0.000000,29.043334,4129792,0,token_major,latency,compact,0,0,4,io-aware
tiny-prefill-s128,129,0,0,0.000000,29.470734,5128192,0,token_major,latency,compact,0,0,20,tiled-materialized
tiny-prefill-s128,130,0,0,0.000000,29.520734,5390336,262144,token_major,throughput,spread,1,0,2,tiled-materialized
tiny-prefill-s128,131,0,0,0.000000,29.770734,5128192,0,token_major,latency,compact,0,0,8,tiled-materialized
tiny-prefill-s128,132,0,0,0.000000,30.019408,4104704,0,token_major,latency,compact,0,0,2,io-aware
tiny-prefill-s128,133,0,0,0.000000,30.120483,2113536,0,token_major,latency,compact,0,1,1,io-aware
tiny-prefill-s128,134,0,0,0.000000,30.257445,4354304,262144,token_major,throughput,spread,1,0,1,io-aware
tiny-prefill-s128,135,0,0,0.000000,30.270734,5128192,0,token_major,latency,compact,0,0,4,tiled-materialized
tiny-prefill-s128,136,0,0,0.000000,30.395734,2113536,0,token_major,latency,compact,0,1,1,tiled-materialized
tiny-prefill-s128,137,0,0,0.000000,30.570483,2375680,262144,token_major,latency,compact,1,1,20,io-aware
tiny-prefill-s128,138,0,0,0.000000,30.845734,2375680,262144,token_major,latency,compact,1,1,20,tiled-materialized
tiny-prefill-s128,139,0,0,0.000000,30.870483,2375680,262144,token_major,latency,compact,1,1,8,io-aware
tiny-prefill-s128,140,0,0,0.000000,31.145734,2375680,262144,token_major,latency,compact,1,1,8,tiled-materialized
tiny-prefill-s128,141,0,0,0.000000,31.270734,5128192,0,token_major,latency,compact,0,0,2,tiled-materialized
tiny-prefill-s128,142,0,0,0.000000,31.370483,2375680,262144,token_major,latency,compact,1,1,4,io-aware
tiny-prefill-s128,143,0,0,0.000000,31.520734,5390336,262144,token_major,throughput,spread,1,0,1,tiled-materialized
tiny-prefill-s128,144,0,0,0.000000,31.645734,2375680,262144,token_major,latency,compact,1,1,4,tiled-materialized
tiny-prefill-s128,145,0,0,0.000000,32.007445,4092160,0,token_major,latency,compact,0,0,1,io-aware
tiny-prefill-s128,146,0,0,0.000000,32.370483,2375680,262144,token_major,latency,compact,1,1,2,io-aware
tiny-prefill-s128,147,0,0,0.000000,32.645734,2375680,262144,token_major,latency,compact,1,1,2,tiled-materialized
tiny-prefill-s128,148,0,0,0.000000,32.684740,4592640,262144,token_major,latency,compact,1,0,20,io-aware
tiny-prefill-s128,149,0,0,0.000000,32.841186,4442112,262144,token_major,latency,compact,1,0,8,io-aware
tiny-prefill-s128,150,0,0,0.000000,33.270734,5128192,0,token_major,latency,compact,0,0,1,tiled-materialized
tiny-prefill-s128,151,0,0,0.000000,33.293334,4391936,262144,token_major,latency,compact,1,0,4,io-aware
tiny-prefill-s128,152,0,0,0.000000,33.720734,5390336,262144,token_major,latency,compact,1,0,20,tiled-materialized
tiny-prefill-s128,153,0,0,0.000000,34.020734,5390336,262144,token_major,latency,compact,1,0,8,tiled-materialized
tiny-prefill-s128,154,0,0,0.000000,34.269408,4366848,262144,token_major,latency,compact,1,0,2,io-aware
tiny-prefill-s128,155,0,0,0.000000,34.370483,2375680,262144,token_major,latency,compact,1,1,1,io-aware
tiny-prefill-s128,156,0,0,0.000000,34.520734,5390336,262144,token_major,latency,compact,1,0,4,tiled-materialized
tiny-prefill-s128,157,0,0,0.000000,34.645734,2375680,262144,token_major,latency,compact,1,1,1,tiled-materialized
tiny-prefill-s128,158,0,0,0.000000,35.520734,5390336,262144,token_major,latency,compact,1,0,2,tiled-materialized
tiny-prefill-s128,159,0,0,0.000000,36.257445,4354304,262144,token_major,latency,compact,1,0,1,io-aware
tiny-prefill-s128,160,0,0,0.000000,37.520734,5390336,262144,token_major,latency,compact,1,0,1,tiled-materialized
tiny-decode-kv512,0,0,1,1.689212,1.001789,18560,2048,head_major,latency,compact,1,1,20,split-kv-decode
tiny-decode-kv512,1,1,1,1.206762,0.068585,16512,0,head_major,latency,compact,0,1,1,split-kv-decode
tiny-decode-kv512,2,0,1,1.185894,0.068585,16512,0,head_major,latency,compact,0,1,2,split-kv-decode
tiny-decode-kv512,3,0,1,1.161030,0.085248,33984,0,head_major,latency,compact,0,0,1,split-kv-decode
tiny-decode-kv512,4,0,1,1.222689,0.087262,36096,0,head_major,latency,compact,0,0,2,split-kv-decode
tiny-decode-kv512,5,0,1,1.241213,0.101789,18560,2048,head_major,latency,compact,1,1,1,split-kv-decode
tiny-decode-kv512,6,0,1,1.192195,0.101789,18560,2048,head_major,latency,compact,1,1,2,split-kv-decode
tiny-decode-kv512,7,0,0,0.000000,0.118451,36032,2048,head_major,latency,compact,1,0,1,split-kv-decode
tiny-decode-kv512,8,0,0,0.000000,0.120465,38144,2048,head_major,latency,compact,1,0,2,split-kv-decode
tiny-decode-kv512,9,0,0,0.000000,0.168585,16512,0,head_major,latency,compact,0,1,4,split-kv-decode
tiny-decode-kv512,10,0,0,0.000000,0.168585,16512,0,head_major,throughput,spread,0,1,4,split-kv-decode
tiny-decode-kv512,11,0,0,0.000000,0.191291,40320,0,head_major,latency,compact,0,0,4,split-kv-decode
tiny-decode-kv512,12,0,0,0.000000,0.191291,40320,0,head_major,throughput,spread,0,0,4,split-kv-decode
tiny-decode-kv512,13,0,0,0.000000,0.193585,16512,0,token_major,latency,compact,0,1,1,split-kv-decode
tiny-decode-kv512,14,0,0,0.000000,0.193585,16512,0,token_major,latency,compact,0,1,2,split-kv-decode
tiny-decode-kv512,15,0,0,0.000000,0.201789,18560,2048,head_major,latency,compact,1,1,4,split-kv-decode
tiny-decode-kv512,16,0,0,0.000000,0.201789,18560,2048,head_major,throughput,spread,1,1,4,split-kv-decode
tiny-decode-kv512,17,0,0,0.000000,0.210248,33984,0,token_major,latency,compact,0,0,1,split-kv-decode
tiny-decode-kv512,18,0,0,0.000000,0.212262,36096,0,token_major,latency,compact,0,0,2,split-kv-decode
tiny-decode-kv512,19,0,0,0.000000,0.224494,42368,2048,head_major,latency,compact,1,0,4,split-kv-decode
tiny-decode-kv512,20,0,0,0.000000,0.224494,42368,2048,head_major,throughput,spread,1,0,4,split-kv-decode
tiny-decode-kv512,21,0,0,0.000000,0.226789,18560,2048,token_major,latency,compact,1,1,1,split-kv-decode
tiny-decode-kv512,22,0,0,0.000000,0.226789,18560,2048,token_major,latency,compact,1,1,2,split-kv-decode
tiny-decode-kv512,23,0,0,0.000000,0.243451,36032,2048,token_major,latency,compact,1,0,1,split-kv-decode
tiny-decode-kv512,24,0,0,0.000000,0.245465,38144,2048,token_major,latency,compact,1,0,2,split-kv-decode
tiny-decode-kv512,25,0,0,0.000000,0.293585,16512,0,token_major,latency,compact,0,1,4,split-kv-decode
tiny-decode-kv512,26,0,0,0.000000,0.293585,16512,0,token_major,throughput,spread,0,1,4,split-kv-decode
tiny-decode-kv512,27,0,0,0.000000,0.316291,40320,0,token_major,latency,compact,0,0,4,split-kv-decode
tiny-decode-kv512,28,0,0,0.000000,0.316291,40320,0,token_major,throughput,spread,0,0,4,split-kv-decode
tiny-decode-kv512,29,0,0,0.000000,0.326789,18560,2048,token_major,latency,compact,1,1,4,split-kv-decode
tiny-decode-kv512,30,0,0,0.000000,0.326789,18560,2048,token_major,throughput,spread,1,1,4,split-kv-decode
tiny-decode-kv512,31,0,0,0.000000,0.349494,42368,2048,token_major,latency,compact,1,0,4,split-kv-decode
tiny-decode-kv512,32,0,0,0.000000,0.349494,42368,2048,token_major,throughput,spread,1,0,4,split-kv-decode
tiny-decode-kv512,33,0,0,0.000000,0.368585,16512,0,head_major,latency,compact,0,1,8,split-kv-decode
tiny-decode-kv512,34,0,0,0.000000,0.368585,16512,0,head_major,throughput,spread,0,1,8,split-kv-decode
tiny-decode-kv512,35,0,0,0.000000,0.391291,40320,0,head_major,latency,compact,0,0,8,split-kv-decode
tiny-decode-kv512,36,0,0,0.000000,0.391291,40320,0,head_major,throughput,spread,0,0,8,split-kv-decode
tiny-decode-kv512,37,0,0,0.000000,0.401789,18560,2048,head_major,latency,compact,1,1,8,split-kv-decode
tiny-decode-kv512,38,0,0,0.000000,0.401789,18560,2048,head_major,throughput,spread,1,1,8,split-kv-decode
tiny-decode-kv512,39,0,0,0.000000,0.424494,42368,2048,head_major,latency,compact,1,0,8,split-kv-decode
tiny-decode-kv512,40,0,0,0.000000,0.424494,42368,2048,head_major,throughput,spread,1,0,8,split-kv-decode
tiny-decode-kv512,41,0,0,0.000000,0.493585,16512,0,token_major,latency,compact,0,1,8,split-kv-decode
tiny-decode-kv512,42,0,0,0.000000,0.493585,16512,0,token_major,throughput,spread,0,1,8,split-kv-decode
tiny-decode-kv512,43,0,0,0.000000,0.516291,40320,0,token_major,latency,compact,0,0,8,split-kv-decode
tiny-decode-kv512,44,0,0,0.000000,0.516291,40320,0,token_major,throughput,spread,0,0,8,split-kv-decode
tiny-decode-kv512,45,0,0,0.000000,0.526789,18560,2048,token_major,latency,compact,1,1,8,split-kv-decode
tiny-decode-kv512,46,0,0,0.000000,0.526789,18560,2048,token_major,throughput,spread,1,1,8,split-kv-decode
tiny-decode-kv512,47,0,0,0.000000,0.549494,42368,2048,token_major,latency,compact,1,0,8,split-kv-decode
tiny-decode-kv512,48,0,0,0.000000,0.549494,42368,2048,token_major,throughput,spread,1,0,8,split-kv-decode
tiny-decode-kv512,49,0,0,0.000000,0.968585,16512,0,head_major,latency,compact,0,1,20,split-kv-decode
tiny-decode-kv512,50,0,0,0.000000,0.968585,16512,0,head_major,throughput,spread,0,1,20,split-kv-decode
tiny-decode-kv512,51,0,0,0.000000,0.991291,40320,0,head_major,latency,compact,0,0,20,split-kv-decode
tiny-decode-kv512,52,0,0,0.000000,0.991291,40320,0,head_major,throughput,spread,0,0,20,split-kv-decode
tiny-decode-kv512,53,0,0,0.000000,1.001789,18560,2048,head_major,latency,compact,1,1,20,split-kv-decode
tiny-decode-kv512,54,0,0,0.000000,1.001789,18560,2048,head_major,throughput,spread,1,1,20,split-kv-decode
tiny-decode-kv512,55,0,0,0.000000,1.024494,42368,2048,head_major,latency,compact,1,0,20,split-kv-decode
tiny-decode-kv512,56,0,0,0.000000,1.024494,42368,2048,head_major,throughput,spread,1,0,20,split-kv-decode
tiny-decode-kv512,57,0,0,0.000000,1.093585,16512,0,token_major,latency,compact,0,1,20,split-kv-decode
tiny-decode-kv512,58,0,0,0.000000,1.093585,16512,0,token_major,throughput,spread,0,1,20,split-kv-decode
tiny-decode-kv512,59,0,0,0.000000,1.116291,40320,0,token_major,latency,compact,0,0,20,split-kv-decode
tiny-decode-kv512,60,0,0,0.000000,1.116291,40320,0,token_major,throughput,spread,0,0,20,split-kv-decode
tiny-decode-kv512,61,0,0,0.000000,1.126789,18560,2048,token_major,latency,compact,1,1,20,split-kv-decode
tiny-decode-kv512,62,0,0,0.000000,1.126789,18560,2048,token_major,throughput,spread,1,1,20,split-kv-decode
tiny-decode-kv512,63,0,0,0.000000,1.149494,42368,2048,token_major,latency,compact,1,0,20,split-kv-decode
tiny-decode-kv512,64,0,0,0.000000,1.149494,42368,2048,token_major,throughput,spread,1,0,20,split-kv-decode
tiny-decode-kv512,65,0,0,0.000000,2.068585,16512,0,head_major,throughput,spread,0,1,1,split-kv-decode
tiny-decode-kv512,66,0,0,0.000000,2.068585,16512,0,head_major,throughput,spread,0,1,2,split-kv-decode
tiny-decode-kv512,67,0,0,0.000000,2.085248,33984,0,head_major,throughput,spread,0,0,1,split-kv-decode
tiny-decode-kv512,68,0,0,0.000000,2.087262,36096,0,head_major,throughput,spread,0,0,2,split-kv-decode
tiny-decode-kv512,69,0,0,0.000000,2.101789,18560,2048,head_major,throughput,spread,1,1,1,split-kv-decode
tiny-decode-kv512,70,0,0,0.000000,2.101789,18560,2048,head_major,throughput,spread,1,1,2,split-kv-decode
tiny-decode-kv512,71,0,0,0.000000,2.118451,36032,2048,head_major,throughput,spread,1,0,1,split-kv-decode
tiny-decode-kv512,72,0,0,0.000000,2.120465,38144,2048,head_major,throughput,spread,1,0,2,split-kv-decode
tiny-decode-kv512,73,0,0,0.000000,2.193585,16512,0,token_major,throughput,spread,0,1,1,split-kv-decode
tiny-decode-kv512,74,0,0,0.000000,2.193585,16512,0,token_major,throughput,spread,0,1,2,split-kv-decode
tiny-decode-kv512,75,0,0,0.000000,2.210248,33984,0,token_major,throughput,spread,0,0,1,split-kv-decode
tiny-decode-kv512,76,0,0,0.000000,2.212262,36096,0,token_major,throughput,spread,0,0,2,split-kv-decode
tiny-decode-kv512,77,0,0,0.000000,2.226789,18560,2048,token_major,throughput,spread,1,1,1,split-kv-decode
tiny-decode-kv512,78,0,0,0.000000,2.226789,18560,2048,token_major,throughput,spread,1,1,2,split-kv-decode
tiny-decode-kv512,79,0,0,0.000000,2.243451,36032,2048,token_major,throughput,spread,1,0,1,split-kv-decode
tiny-decode-kv512,80,0,0,0.000000,2.245465,38144,2048,token_major,throughput,spread,1,0,2,split-kv-decode
