candidate,round,predicted_cycles,time_ms,schedule
0,0,1.12646e+07,0.116595,"order=ikj;outer=64,128,32;tile=16,64,16;micro=1,16;vector=8;unroll=1;threads=8;pack=;prefetch=0;fuse=true;pin=true"
0,1,1.12646e+07,0.188693,"order=ikj;outer=64,128,32;tile=16,64,16;micro=1,16;vector=8;unroll=1;threads=8;pack=;prefetch=0;fuse=true;pin=true"
0,2,1.12646e+07,0.173968,"order=ikj;outer=64,128,32;tile=16,64,16;micro=1,16;vector=8;unroll=1;threads=8;pack=;prefetch=0;fuse=true;pin=true"
0,3,1.12646e+07,0.114545,"order=ikj;outer=64,128,32;tile=16,64,16;micro=1,16;vector=8;unroll=1;threads=8;pack=;prefetch=0;fuse=true;pin=true"
0,4,1.12646e+07,0.115088,"order=ikj;outer=64,128,32;tile=16,64,16;micro=1,16;vector=8;unroll=1;threads=8;pack=;prefetch=0;fuse=true;pin=true"
0,5,1.12646e+07,0.173532,"order=ikj;outer=64,128,32;tile=16,64,16;micro=1,16;vector=8;unroll=1;threads=8;pack=;prefetch=0;fuse=true;pin=true"
0,6,1.12646e+07,0.146628,"order=ikj;outer=64,128,32;tile=16,64,16;micro=1,16;vector=8;unroll=1;threads=8;pack=;prefetch=0;fuse=true;pin=true"
0,7,1.12646e+07,0.118229,"order=ikj;outer=64,128,32;tile=16,64,16;micro=1,16;vector=8;unroll=1;threads=8;pack=;prefetch=0;fuse=true;pin=true"
0,8,1.12646e+07,0.197164,"order=ikj;outer=64,128,32;tile=16,64,16;micro=1,16;vector=8;unroll=1;threads=8;pack=;prefetch=0;fuse=true;pin=true"
0,9,1.12646e+07,0.161724,"order=ikj;outer=64,128,32;tile=16,64,16;micro=1,16;vector=8;unroll=1;threads=8;pack=;prefetch=0;fuse=true;pin=true"
0,10,1.12646e+07,0.11329,"order=ikj;outer=64,128,32;tile=16,64,16;micro=1,16;vector=8;unroll=1;threads=8;pack=;prefetch=0;fuse=true;pin=true"
0,11,1.12646e+07,0.1625,"order=ikj;outer=64,128,32;tile=16,64,16;micro=1,16;vector=8;unroll=1;threads=8;pack=;prefetch=0;fuse=true;pin=true"
0,12,1.12646e+07,0.115842,"order=ikj;outer=64,128,32;tile=16,64,16;micro=1,16;vector=8;unroll=1;threads=8;pack=;prefetch=0;fuse=true;pin=true"
0,13,1.12646e+07,0.129202,"order=ikj;outer=64,128,32;tile=16,64,16;micro=1,16;vector=8;unroll=1;threads=8;pack=;prefetch=0;fuse=true;pin=true"
0,14,1.12646e+07,0.120573,"order=ikj;outer=64,128,32;tile=16,64,16;micro=1,16;vector=8;unroll=1;threads=8;pack=;prefetch=0;fuse=true;pin=true"
0,15,1.12646e+07,0.268499,"order=ikj;outer=64,128,32;tile=16,64,16;micro=1,16;vector=8;unroll=1;threads=8;pack=;prefetch=0;fuse=true;pin=true"
0,16,1.12646e+07,0.201115,"order=ikj;outer=64,128,32;tile=16,64,16;micro=1,16;vector=8;unroll=1;threads=8;pack=;prefetch=0;fuse=true;pin=true"
0,17,1.12646e+07,0.200769,"order=ikj;outer=64,128,32;tile=16,64,16;micro=1,16;vector=8;unroll=1;threads=8;pack=;prefetch=0;fuse=true;pin=true"
0,18,1.12646e+07,0.249267,"order=ikj;outer=64,128,32;tile=16,64,16;micro=1,16;vector=8;unroll=1;threads=8;pack=;prefetch=0;fuse=true;pin=true"
0,19,1.12646e+07,0.121493,"order=ikj;outer=64,128,32;tile=16,64,16;micro=1,16;vector=8;unroll=1;threads=8;pack=;prefetch=0;fuse=true;pin=true"
1,0,1.12646e+07,0.112203,"order=ikj;outer=64,128,32;tile=16,64,16;micro=1,16;vector=8;unroll=4;threads=8;pack=;prefetch=0;fuse=true;pin=true"
1,1,1.12646e+07,0.148458,"order=ikj;outer=64,128,32;tile=16,64,16;micro=1,16;vector=8;unroll=4;threads=8;pack=;prefetch=0;fuse=true;pin=true"
1,2,1.12646e+07,1.03732,"order=ikj;outer=64,128,32;tile=16,64,16;micro=1,16;vector=8;unroll=4;threads=8;pack=;prefetch=0;fuse=true;pin=true"
1,3,1.12646e+07,0.196459,"order=ikj;outer=64,128,32;tile=16,64,16;micro=1,16;vector=8;unroll=4;threads=8;pack=;prefetch=0;fuse=true;pin=true"
1,4,1.12646e+07,0.11343,"order=ikj;outer=64,128,32;tile=16,64,16;micro=1,16;vector=8;unroll=4;threads=8;pack=;prefetch=0;fuse=true;pin=true"
1,5,1.12646e+07,0.122609,"order=ikj;outer=64,128,32;tile=16,64,16;micro=1,16;vector=8;unroll=4;threads=8;pack=;prefetch=0;fuse=true;pin=true"
1,6,1.12646e+07,0.167692,"order=ikj;outer=64,128,32;tile=16,64,16;micro=1,16;vector=8;unroll=4;threads=8;pack=;prefetch=0;fuse=true;pin=true"
1,7,1.12646e+07,0.23498,"order=ikj;outer=64,128,32;tile=16,64,16;micro=1,16;vector=8;unroll=4;threads=8;pack=;prefetch=0;fuse=true;pin=true"
1,8,1.12646e+07,0.146965,"order=ikj;outer=64,128,32;tile=16,64,16;micro=1,16;vector=8;unroll=4;threads=8;pack=;prefetch=0;fuse=true;pin=true"
1,9,1.12646e+07,0.233164,"order=ikj;outer=64,128,32;tile=16,64,16;micro=1,16;vector=8;unroll=4;threads=8;pack=;prefetch=0;fuse=true;pin=true"
1,10,1.12646e+07,0.117327,"order=ikj;outer=64,128,32;tile=16,64,16;micro=1,16;vector=8;unroll=4;threads=8;pack=;prefetch=0;fuse=true;pin=true"
1,11,1.12646e+07,0.113499,"order=ikj;outer=64,128,32;tile=16,64,16;micro=1,16;vector=8;unroll=4;threads=8;pack=;prefetch=0;fuse=true;pin=true"
1,12,1.12646e+07,0.167554,"order=ikj;outer=64,128,32;tile=16,64,16;micro=1,16;vector=8;unroll=4;threads=8;pack=;prefetch=0;fuse=true;pin=true"
1,13,1.12646e+07,0.192491,"order=ikj;outer=64,128,32;tile=16,64,16;micro=1,16;vector=8;unroll=4;threads=8;pack=;prefetch=0;fuse=true;pin=true"
1,14,1.12646e+07,0.193534,"order=ikj;outer=64,128,32;tile=16,64,16;micro=1,16;vector=8;unroll=4;threads=8;pack=;prefetch=0;fuse=true;pin=true"
1,15,1.12646e+07,0.114209,"order=ikj;outer=64,128,32;tile=16,64,16;micro=1,16;vector=8;unroll=4;threads=8;pack=;prefetch=0;fuse=true;pin=true"
1,16,1.12646e+07,0.114344,"order=ikj;outer=64,128,32;tile=16,64,16;micro=1,16;vector=8;unroll=4;threads=8;pack=;prefetch=0;fuse=true;pin=true"
1,17,1.12646e+07,1.47846,"order=ikj;outer=64,128,32;tile=16,64,16;micro=1,16;vector=8;unroll=4;threads=8;pack=;prefetch=0;fuse=true;pin=true"
1,18,1.12646e+07,0.188824,"order=ikj;outer=64,128,32;tile=16,64,16;micro=1,16;vector=8;unroll=4;threads=8;pack=;prefetch=0;fuse=true;pin=true"
1,19,1.12646e+07,0.167685,"order=ikj;outer=64,128,32;tile=16,64,16;micro=1,16;vector=8;unroll=4;threads=8;pack=;prefetch=0;fuse=true;pin=true"
2,0,1.12646e+07,0.053299,"order=ikj;outer=64,128,32;tile=16,64,16;micro=4,16;vector=8;unroll=1;threads=8;pack=;prefetch=0;fuse=true;pin=true"
2,1,1.12646e+07,0.126251,"order=ikj;outer=64,128,32;tile=16,64,16;micro=4,16;vector=8;unroll=1;threads=8;pack=;prefetch=0;fuse=true;pin=true"
2,2,1.12646e+07,0.136016,"order=ikj;outer=64,128,32;tile=16,64,16;micro=4,16;vector=8;unroll=1;threads=8;pack=;prefetch=0;fuse=true;pin=true"
2,3,1.12646e+07,0.103681,"order=ikj;outer=64,128,32;tile=16,64,16;micro=4,16;vector=8;unroll=1;threads=8;pack=;prefetch=0;fuse=true;pin=true"
2,4,1.12646e+07,0.051049,"order=ikj;outer=64,128,32;tile=16,64,16;micro=4,16;vector=8;unroll=1;threads=8;pack=;prefetch=0;fuse=true;pin=true"
2,5,1.12646e+07,0.052256,"order=ikj;outer=64,128,32;tile=16,64,16;micro=4,16;vector=8;unroll=1;threads=8;pack=;prefetch=0;fuse=true;pin=true"
2,6,1.12646e+07,0.181432,"order=ikj;outer=64,128,32;tile=16,64,16;micro=4,16;vector=8;unroll=1;threads=8;pack=;prefetch=0;fuse=true;pin=true"
2,7,1.12646e+07,0.054169,"order=ikj;outer=64,128,32;tile=16,64,16;micro=4,16;vector=8;unroll=1;threads=8;pack=;prefetch=0;fuse=true;pin=true"
2,8,1.12646e+07,0.1242,"order=ikj;outer=64,128,32;tile=16,64,16;micro=4,16;vector=8;unroll=1;threads=8;pack=;prefetch=0;fuse=true;pin=true"
2,9,1.12646e+07,0.105618,"order=ikj;outer=64,128,32;tile=16,64,16;micro=4,16;vector=8;unroll=1;threads=8;pack=;prefetch=0;fuse=true;pin=true"
2,10,1.12646e+07,0.051725,"order=ikj;outer=64,128,32;tile=16,64,16;micro=4,16;vector=8;unroll=1;threads=8;pack=;prefetch=0;fuse=true;pin=true"
2,11,1.12646e+07,0.151371,"order=ikj;outer=64,128,32;tile=16,64,16;micro=4,16;vector=8;unroll=1;threads=8;pack=;prefetch=0;fuse=true;pin=true"
2,12,1.12646e+07,0.09237,"order=ikj;outer=64,128,32;tile=16,64,16;micro=4,16;vector=8;unroll=1;threads=8;pack=;prefetch=0;fuse=true;pin=true"
2,13,1.12646e+07,0.055447,"order=ikj;outer=64,128,32;tile=16,64,16;micro=4,16;vector=8;unroll=1;threads=8;pack=;prefetch=0;fuse=true;pin=true"
2,14,1.12646e+07,0.104653,"order=ikj;outer=64,128,32;tile=16,64,16;micro=4,16;vector=8;unroll=1;threads=8;pack=;prefetch=0;fuse=true;pin=true"
2,15,1.12646e+07,0.051118,"order=ikj;outer=64,128,32;tile=16,64,16;micro=4,16;vector=8;unroll=1;threads=8;pack=;prefetch=0;fuse=true;pin=true"
2,16,1.12646e+07,1.74544,"order=ikj;outer=64,128,32;tile=16,64,16;micro=4,16;vector=8;unroll=1;threads=8;pack=;prefetch=0;fuse=true;pin=true"
2,17,1.12646e+07,0.174265,"order=ikj;outer=64,128,32;tile=16,64,16;micro=4,16;vector=8;unroll=1;threads=8;pack=;prefetch=0;fuse=true;pin=true"
2,18,1.12646e+07,0.074746,"order=ikj;outer=64,128,32;tile=16,64,16;micro=4,16;vector=8;unroll=1;threads=8;pack=;prefetch=0;fuse=true;pin=true"
2,19,1.12646e+07,0.050446,"order=ikj;outer=64,128,32;tile=16,64,16;micro=4,16;vector=8;unroll=1;threads=8;pack=;prefetch=0;fuse=true;pin=true"
3,0,1.12646e+07,0.051897,"order=ikj;outer=64,128,32;tile=16,64,16;micro=4,16;vector=8;unroll=4;threads=8;pack=;prefetch=0;fuse=true;pin=true"
3,1,1.12646e+07,1.85642,"order=ikj;outer=64,128,32;tile=16,64,16;micro=4,16;vector=8;unroll=4;threads=8;pack=;prefetch=0;fuse=true;pin=true"
3,2,1.12646e+07,0.049823,"order=ikj;outer=64,128,32;tile=16,64,16;micro=4,16;vector=8;unroll=4;threads=8;pack=;prefetch=0;fuse=true;pin=true"
3,3,1.12646e+07,0.052017,"order=ikj;outer=64,128,32;tile=16,64,16;micro=4,16;vector=8;unroll=4;threads=8;pack=;prefetch=0;fuse=true;pin=true"
3,4,1.12646e+07,0.052449,"order=ikj;outer=64,128,32;tile=16,64,16;micro=4,16;vector=8;unroll=4;threads=8;pack=;prefetch=0;fuse=true;pin=true"
3,5,1.12646e+07,0.05231,"order=ikj;outer=64,128,32;tile=16,64,16;micro=4,16;vector=8;unroll=4;threads=8;pack=;prefetch=0;fuse=true;pin=true"
3,6,1.12646e+07,0.171999,"order=ikj;outer=64,128,32;tile=16,64,16;micro=4,16;vector=8;unroll=4;threads=8;pack=;prefetch=0;fuse=true;pin=true"
3,7,1.12646e+07,0.1296,"order=ikj;outer=64,128,32;tile=16,64,16;micro=4,16;vector=8;unroll=4;threads=8;pack=;prefetch=0;fuse=true;pin=true"
3,8,1.12646e+07,0.054428,"order=ikj;outer=64,128,32;tile=16,64,16;micro=4,16;vector=8;unroll=4;threads=8;pack=;prefetch=0;fuse=true;pin=true"
3,9,1.12646e+07,0.052978,"order=ikj;outer=64,128,32;tile=16,64,16;micro=4,16;vector=8;unroll=4;threads=8;pack=;prefetch=0;fuse=true;pin=true"
3,10,1.12646e+07,0.135386,"order=ikj;outer=64,128,32;tile=16,64,16;micro=4,16;vector=8;unroll=4;threads=8;pack=;prefetch=0;fuse=true;pin=true"
3,11,1.12646e+07,0.195514,"order=ikj;outer=64,128,32;tile=16,64,16;micro=4,16;vector=8;unroll=4;threads=8;pack=;prefetch=0;fuse=true;pin=true"
3,12,1.12646e+07,0.054227,"order=ikj;outer=64,128,32;tile=16,64,16;micro=4,16;vector=8;unroll=4;threads=8;pack=;prefetch=0;fuse=true;pin=true"
3,13,1.12646e+07,0.229181,"order=ikj;outer=64,128,32;tile=16,64,16;micro=4,16;vector=8;unroll=4;threads=8;pack=;prefetch=0;fuse=true;pin=true"
3,14,1.12646e+07,0.054984,"order=ikj;outer=64,128,32;tile=16,64,16;micro=4,16;vector=8;unroll=4;threads=8;pack=;prefetch=0;fuse=true;pin=true"
3,15,1.12646e+07,0.048117,"order=ikj;outer=64,128,32;tile=16,64,16;micro=4,16;vector=8;unroll=4;threads=8;pack=;prefetch=0;fuse=true;pin=true"
3,16,1.12646e+07,0.202194,"order=ikj;outer=64,128,32;tile=16,64,16;micro=4,16;vector=8;unroll=4;threads=8;pack=;prefetch=0;fuse=true;pin=true"
3,17,1.12646e+07,1.10075,"order=ikj;outer=64,128,32;tile=16,64,16;micro=4,16;vector=8;unroll=4;threads=8;pack=;prefetch=0;fuse=true;pin=true"
3,18,1.12646e+07,0.053001,"order=ikj;outer=64,128,32;tile=16,64,16;micro=4,16;vector=8;unroll=4;threads=8;pack=;prefetch=0;fuse=true;pin=true"
3,19,1.12646e+07,0.052314,"order=ikj;outer=64,128,32;tile=16,64,16;micro=4,16;vector=8;unroll=4;threads=8;pack=;prefetch=0;fuse=true;pin=true"
4,0,1.12646e+07,0.12068,"order=ikj;outer=64,128,32;tile=16,64,16;micro=6,16;vector=8;unroll=1;threads=8;pack=;prefetch=0;fuse=true;pin=true"
4,1,1.12646e+07,0.083668,"order=ikj;outer=64,128,32;tile=16,64,16;micro=6,16;vector=8;unroll=1;threads=8;pack=;prefetch=0;fuse=true;pin=true"
4,2,1.12646e+07,0.126306,"order=ikj;outer=64,128,32;tile=16,64,16;micro=6,16;vector=8;unroll=1;threads=8;pack=;prefetch=0;fuse=true;pin=true"
4,3,1.12646e+07,0.051548,"order=ikj;outer=64,128,32;tile=16,64,16;micro=6,16;vector=8;unroll=1;threads=8;pack=;prefetch=0;fuse=true;pin=true"
4,4,1.12646e+07,0.436271,"order=ikj;outer=64,128,32;tile=16,64,16;micro=6,16;vector=8;unroll=1;threads=8;pack=;prefetch=0;fuse=true;pin=true"
4,5,1.12646e+07,0.04974,"order=ikj;outer=64,128,32;tile=16,64,16;micro=6,16;vector=8;unroll=1;threads=8;pack=;prefetch=0;fuse=true;pin=true"
4,6,1.12646e+07,0.106811,"order=ikj;outer=64,128,32;tile=16,64,16;micro=6,16;vector=8;unroll=1;threads=8;pack=;prefetch=0;fuse=true;pin=true"
4,7,1.12646e+07,0.053216,"order=ikj;outer=64,128,32;tile=16,64,16;micro=6,16;vector=8;unroll=1;threads=8;pack=;prefetch=0;fuse=true;pin=true"
4,8,1.12646e+07,0.101601,"order=ikj;outer=64,128,32;tile=16,64,16;micro=6,16;vector=8;unroll=1;threads=8;pack=;prefetch=0;fuse=true;pin=true"
4,9,1.12646e+07,0.13057,"order=ikj;outer=64,128,32;tile=16,64,16;micro=6,16;vector=8;unroll=1;threads=8;pack=;prefetch=0;fuse=true;pin=true"
4,10,1.12646e+07,0.055966,"order=ikj;outer=64,128,32;tile=16,64,16;micro=6,16;vector=8;unroll=1;threads=8;pack=;prefetch=0;fuse=true;pin=true"
4,11,1.12646e+07,0.050469,"order=ikj;outer=64,128,32;tile=16,64,16;micro=6,16;vector=8;unroll=1;threads=8;pack=;prefetch=0;fuse=true;pin=true"
4,12,1.12646e+07,0.182148,"order=ikj;outer=64,128,32;tile=16,64,16;micro=6,16;vector=8;unroll=1;threads=8;pack=;prefetch=0;fuse=true;pin=true"
4,13,1.12646e+07,0.050089,"order=ikj;outer=64,128,32;tile=16,64,16;micro=6,16;vector=8;unroll=1;threads=8;pack=;prefetch=0;fuse=true;pin=true"
4,14,1.12646e+07,0.053455,"order=ikj;outer=64,128,32;tile=16,64,16;micro=6,16;vector=8;unroll=1;threads=8;pack=;prefetch=0;fuse=true;pin=true"
4,15,1.12646e+07,0.201846,"order=ikj;outer=64,128,32;tile=16,64,16;micro=6,16;vector=8;unroll=1;threads=8;pack=;prefetch=0;fuse=true;pin=true"
4,16,1.12646e+07,0.04772,"order=ikj;outer=64,128,32;tile=16,64,16;micro=6,16;vector=8;unroll=1;threads=8;pack=;prefetch=0;fuse=true;pin=true"
4,17,1.12646e+07,0.693852,"order=ikj;outer=64,128,32;tile=16,64,16;micro=6,16;vector=8;unroll=1;threads=8;pack=;prefetch=0;fuse=true;pin=true"
4,18,1.12646e+07,0.050736,"order=ikj;outer=64,128,32;tile=16,64,16;micro=6,16;vector=8;unroll=1;threads=8;pack=;prefetch=0;fuse=true;pin=true"
4,19,1.12646e+07,0.048238,"order=ikj;outer=64,128,32;tile=16,64,16;micro=6,16;vector=8;unroll=1;threads=8;pack=;prefetch=0;fuse=true;pin=true"
5,0,1.12646e+07,0.050048,"order=ikj;outer=64,128,32;tile=16,64,16;micro=6,16;vector=8;unroll=4;threads=8;pack=;prefetch=0;fuse=true;pin=true"
5,1,1.12646e+07,0.108642,"order=ikj;outer=64,128,32;tile=16,64,16;micro=6,16;vector=8;unroll=4;threads=8;pack=;prefetch=0;fuse=true;pin=true"
5,2,1.12646e+07,0.122118,"order=ikj;outer=64,128,32;tile=16,64,16;micro=6,16;vector=8;unroll=4;threads=8;pack=;prefetch=0;fuse=true;pin=true"
5,3,1.12646e+07,0.051325,"order=ikj;outer=64,128,32;tile=16,64,16;micro=6,16;vector=8;unroll=4;threads=8;pack=;prefetch=0;fuse=true;pin=true"
5,4,1.12646e+07,0.052627,"order=ikj;outer=64,128,32;tile=16,64,16;micro=6,16;vector=8;unroll=4;threads=8;pack=;prefetch=0;fuse=true;pin=true"
5,5,1.12646e+07,0.155213,"order=ikj;outer=64,128,32;tile=16,64,16;micro=6,16;vector=8;unroll=4;threads=8;pack=;prefetch=0;fuse=true;pin=true"
5,6,1.12646e+07,0.087723,"order=ikj;outer=64,128,32;tile=16,64,16;micro=6,16;vector=8;unroll=4;threads=8;pack=;prefetch=0;fuse=true;pin=true"
5,7,1.12646e+07,0.054818,"order=ikj;outer=64,128,32;tile=16,64,16;micro=6,16;vector=8;unroll=4;threads=8;pack=;prefetch=0;fuse=true;pin=true"
5,8,1.12646e+07,0.215982,"order=ikj;outer=64,128,32;tile=16,64,16;micro=6,16;vector=8;unroll=4;threads=8;pack=;prefetch=0;fuse=true;pin=true"
5,9,1.12646e+07,0.1119,"order=ikj;outer=64,128,32;tile=16,64,16;micro=6,16;vector=8;unroll=4;threads=8;pack=;prefetch=0;fuse=true;pin=true"
5,10,1.12646e+07,0.184037,"order=ikj;outer=64,128,32;tile=16,64,16;micro=6,16;vector=8;unroll=4;threads=8;pack=;prefetch=0;fuse=true;pin=true"
5,11,1.12646e+07,0.128711,"order=ikj;outer=64,128,32;tile=16,64,16;micro=6,16;vector=8;unroll=4;threads=8;pack=;prefetch=0;fuse=true;pin=true"
5,12,1.12646e+07,0.119542,"order=ikj;outer=64,128,32;tile=16,64,16;micro=6,16;vector=8;unroll=4;threads=8;pack=;prefetch=0;fuse=true;pin=true"
5,13,1.12646e+07,0.138599,"order=ikj;outer=64,128,32;tile=16,64,16;micro=6,16;vector=8;unroll=4;threads=8;pack=;prefetch=0;fuse=true;pin=true"
5,14,1.12646e+07,3.15192,"order=ikj;outer=64,128,32;tile=16,64,16;micro=6,16;vector=8;unroll=4;threads=8;pack=;prefetch=0;fuse=true;pin=true"
5,15,1.12646e+07,0.05298,"order=ikj;outer=64,128,32;tile=16,64,16;micro=6,16;vector=8;unroll=4;threads=8;pack=;prefetch=0;fuse=true;pin=true"
5,16,1.12646e+07,0.185417,"order=ikj;outer=64,128,32;tile=16,64,16;micro=6,16;vector=8;unroll=4;threads=8;pack=;prefetch=0;fuse=true;pin=true"
5,17,1.12646e+07,0.264709,"order=ikj;outer=64,128,32;tile=16,64,16;micro=6,16;vector=8;unroll=4;threads=8;pack=;prefetch=0;fuse=true;pin=true"
5,18,1.12646e+07,0.123758,"order=ikj;outer=64,128,32;tile=16,64,16;micro=6,16;vector=8;unroll=4;threads=8;pack=;prefetch=0;fuse=true;pin=true"
5,19,1.12646e+07,0.052695,"order=ikj;outer=64,128,32;tile=16,64,16;micro=6,16;vector=8;unroll=4;threads=8;pack=;prefetch=0;fuse=true;pin=true"
6,0,1.12646e+07,0.109509,"order=ikj;outer=64,128,32;tile=16,64,16;micro=8,8;vector=8;unroll=1;threads=8;pack=;prefetch=0;fuse=true;pin=true"
6,1,1.12646e+07,0.059278,"order=ikj;outer=64,128,32;tile=16,64,16;micro=8,8;vector=8;unroll=1;threads=8;pack=;prefetch=0;fuse=true;pin=true"
6,2,1.12646e+07,0.058019,"order=ikj;outer=64,128,32;tile=16,64,16;micro=8,8;vector=8;unroll=1;threads=8;pack=;prefetch=0;fuse=true;pin=true"
6,3,1.12646e+07,0.063437,"order=ikj;outer=64,128,32;tile=16,64,16;micro=8,8;vector=8;unroll=1;threads=8;pack=;prefetch=0;fuse=true;pin=true"
6,4,1.12646e+07,0.056934,"order=ikj;outer=64,128,32;tile=16,64,16;micro=8,8;vector=8;unroll=1;threads=8;pack=;prefetch=0;fuse=true;pin=true"
6,5,1.12646e+07,0.121826,"order=ikj;outer=64,128,32;tile=16,64,16;micro=8,8;vector=8;unroll=1;threads=8;pack=;prefetch=0;fuse=true;pin=true"
6,6,1.12646e+07,0.140071,"order=ikj;outer=64,128,32;tile=16,64,16;micro=8,8;vector=8;unroll=1;threads=8;pack=;prefetch=0;fuse=true;pin=true"
6,7,1.12646e+07,0.062047,"order=ikj;outer=64,128,32;tile=16,64,16;micro=8,8;vector=8;unroll=1;threads=8;pack=;prefetch=0;fuse=true;pin=true"
6,8,1.12646e+07,0.169641,"order=ikj;outer=64,128,32;tile=16,64,16;micro=8,8;vector=8;unroll=1;threads=8;pack=;prefetch=0;fuse=true;pin=true"
6,9,1.12646e+07,0.09306,"order=ikj;outer=64,128,32;tile=16,64,16;micro=8,8;vector=8;unroll=1;threads=8;pack=;prefetch=0;fuse=true;pin=true"
6,10,1.12646e+07,0.138163,"order=ikj;outer=64,128,32;tile=16,64,16;micro=8,8;vector=8;unroll=1;threads=8;pack=;prefetch=0;fuse=true;pin=true"
6,11,1.12646e+07,0.130913,"order=ikj;outer=64,128,32;tile=16,64,16;micro=8,8;vector=8;unroll=1;threads=8;pack=;prefetch=0;fuse=true;pin=true"
6,12,1.12646e+07,0.148463,"order=ikj;outer=64,128,32;tile=16,64,16;micro=8,8;vector=8;unroll=1;threads=8;pack=;prefetch=0;fuse=true;pin=true"
6,13,1.12646e+07,0.129882,"order=ikj;outer=64,128,32;tile=16,64,16;micro=8,8;vector=8;unroll=1;threads=8;pack=;prefetch=0;fuse=true;pin=true"
6,14,1.12646e+07,0.060365,"order=ikj;outer=64,128,32;tile=16,64,16;micro=8,8;vector=8;unroll=1;threads=8;pack=;prefetch=0;fuse=true;pin=true"
6,15,1.12646e+07,0.136284,"order=ikj;outer=64,128,32;tile=16,64,16;micro=8,8;vector=8;unroll=1;threads=8;pack=;prefetch=0;fuse=true;pin=true"
6,16,1.12646e+07,0.058287,"order=ikj;outer=64,128,32;tile=16,64,16;micro=8,8;vector=8;unroll=1;threads=8;pack=;prefetch=0;fuse=true;pin=true"
6,17,1.12646e+07,0.550328,"order=ikj;outer=64,128,32;tile=16,64,16;micro=8,8;vector=8;unroll=1;threads=8;pack=;prefetch=0;fuse=true;pin=true"
6,18,1.12646e+07,0.078893,"order=ikj;outer=64,128,32;tile=16,64,16;micro=8,8;vector=8;unroll=1;threads=8;pack=;prefetch=0;fuse=true;pin=true"
6,19,1.12646e+07,0.060019,"order=ikj;outer=64,128,32;tile=16,64,16;micro=8,8;vector=8;unroll=1;threads=8;pack=;prefetch=0;fuse=true;pin=true"
7,0,1.12646e+07,0.125521,"order=ikj;outer=64,128,32;tile=16,64,16;micro=8,8;vector=8;unroll=4;threads=8;pack=;prefetch=0;fuse=true;pin=true"
7,1,1.12646e+07,0.092966,"order=ikj;outer=64,128,32;tile=16,64,16;micro=8,8;vector=8;unroll=4;threads=8;pack=;prefetch=0;fuse=true;pin=true"
7,2,1.12646e+07,0.060102,"order=ikj;outer=64,128,32;tile=16,64,16;micro=8,8;vector=8;unroll=4;threads=8;pack=;prefetch=0;fuse=true;pin=true"
7,3,1.12646e+07,0.062224,"order=ikj;outer=64,128,32;tile=16,64,16;micro=8,8;vector=8;unroll=4;threads=8;pack=;prefetch=0;fuse=true;pin=true"
7,4,1.12646e+07,0.057953,"order=ikj;outer=64,128,32;tile=16,64,16;micro=8,8;vector=8;unroll=4;threads=8;pack=;prefetch=0;fuse=true;pin=true"
7,5,1.12646e+07,0.062925,"order=ikj;outer=64,128,32;tile=16,64,16;micro=8,8;vector=8;unroll=4;threads=8;pack=;prefetch=0;fuse=true;pin=true"
7,6,1.12646e+07,0.115657,"order=ikj;outer=64,128,32;tile=16,64,16;micro=8,8;vector=8;unroll=4;threads=8;pack=;prefetch=0;fuse=true;pin=true"
7,7,1.12646e+07,0.127448,"order=ikj;outer=64,128,32;tile=16,64,16;micro=8,8;vector=8;unroll=4;threads=8;pack=;prefetch=0;fuse=true;pin=true"
7,8,1.12646e+07,0.214762,"order=ikj;outer=64,128,32;tile=16,64,16;micro=8,8;vector=8;unroll=4;threads=8;pack=;prefetch=0;fuse=true;pin=true"
7,9,1.12646e+07,0.183457,"order=ikj;outer=64,128,32;tile=16,64,16;micro=8,8;vector=8;unroll=4;threads=8;pack=;prefetch=0;fuse=true;pin=true"
7,10,1.12646e+07,0.059207,"order=ikj;outer=64,128,32;tile=16,64,16;micro=8,8;vector=8;unroll=4;threads=8;pack=;prefetch=0;fuse=true;pin=true"
7,11,1.12646e+07,0.059557,"order=ikj;outer=64,128,32;tile=16,64,16;micro=8,8;vector=8;unroll=4;threads=8;pack=;prefetch=0;fuse=true;pin=true"
7,12,1.12646e+07,0.183796,"order=ikj;outer=64,128,32;tile=16,64,16;micro=8,8;vector=8;unroll=4;threads=8;pack=;prefetch=0;fuse=true;pin=true"
7,13,1.12646e+07,0.119016,"order=ikj;outer=64,128,32;tile=16,64,16;micro=8,8;vector=8;unroll=4;threads=8;pack=;prefetch=0;fuse=true;pin=true"
7,14,1.12646e+07,0.056983,"order=ikj;outer=64,128,32;tile=16,64,16;micro=8,8;vector=8;unroll=4;threads=8;pack=;prefetch=0;fuse=true;pin=true"
7,15,1.12646e+07,0.172775,"order=ikj;outer=64,128,32;tile=16,64,16;micro=8,8;vector=8;unroll=4;threads=8;pack=;prefetch=0;fuse=true;pin=true"
7,16,1.12646e+07,0.214065,"order=ikj;outer=64,128,32;tile=16,64,16;micro=8,8;vector=8;unroll=4;threads=8;pack=;prefetch=0;fuse=true;pin=true"
7,17,1.12646e+07,0.063152,"order=ikj;outer=64,128,32;tile=16,64,16;micro=8,8;vector=8;unroll=4;threads=8;pack=;prefetch=0;fuse=true;pin=true"
7,18,1.12646e+07,0.056677,"order=ikj;outer=64,128,32;tile=16,64,16;micro=8,8;vector=8;unroll=4;threads=8;pack=;prefetch=0;fuse=true;pin=true"
7,19,1.12646e+07,0.057591,"order=ikj;outer=64,128,32;tile=16,64,16;micro=8,8;vector=8;unroll=4;threads=8;pack=;prefetch=0;fuse=true;pin=true"
8,0,1.12646e+07,0.170547,"order=ikj;outer=64,128,32;tile=16,64,32;micro=1,16;vector=8;unroll=1;threads=8;pack=;prefetch=0;fuse=true;pin=true"
8,1,1.12646e+07,0.120754,"order=ikj;outer=64,128,32;tile=16,64,32;micro=1,16;vector=8;unroll=1;threads=8;pack=;prefetch=0;fuse=true;pin=true"
8,2,1.12646e+07,0.29565,"order=ikj;outer=64,128,32;tile=16,64,32;micro=1,16;vector=8;unroll=1;threads=8;pack=;prefetch=0;fuse=true;pin=true"
8,3,1.12646e+07,0.168418,"order=ikj;outer=64,128,32;tile=16,64,32;micro=1,16;vector=8;unroll=1;threads=8;pack=;prefetch=0;fuse=true;pin=true"
8,4,1.12646e+07,0.114521,"order=ikj;outer=64,128,32;tile=16,64,32;micro=1,16;vector=8;unroll=1;threads=8;pack=;prefetch=0;fuse=true;pin=true"
8,5,1.12646e+07,0.186625,"order=ikj;outer=64,128,32;tile=16,64,32;micro=1,16;vector=8;unroll=1;threads=8;pack=;prefetch=0;fuse=true;pin=true"
8,6,1.12646e+07,0.120864,"order=ikj;outer=64,128,32;tile=16,64,32;micro=1,16;vector=8;unroll=1;threads=8;pack=;prefetch=0;fuse=true;pin=true"
8,7,1.12646e+07,0.115879,"order=ikj;outer=64,128,32;tile=16,64,32;micro=1,16;vector=8;unroll=1;threads=8;pack=;prefetch=0;fuse=true;pin=true"
8,8,1.12646e+07,0.23261,"order=ikj;outer=64,128,32;tile=16,64,32;micro=1,16;vector=8;unroll=1;threads=8;pack=;prefetch=0;fuse=true;pin=true"
8,9,1.12646e+07,0.161869,"order=ikj;outer=64,128,32;tile=16,64,32;micro=1,16;vector=8;unroll=1;threads=8;pack=;prefetch=0;fuse=true;pin=true"
8,10,1.12646e+07,0.145285,"order=ikj;outer=64,128,32;tile=16,64,32;micro=1,16;vector=8;unroll=1;threads=8;pack=;prefetch=0;fuse=true;pin=true"
8,11,1.12646e+07,0.117551,"order=ikj;outer=64,128,32;tile=16,64,32;micro=1,16;vector=8;unroll=1;threads=8;pack=;prefetch=0;fuse=true;pin=true"
8,12,1.12646e+07,0.119206,"order=ikj;outer=64,128,32;tile=16,64,32;micro=1,16;vector=8;unroll=1;threads=8;pack=;prefetch=0;fuse=true;pin=true"
8,13,1.12646e+07,0.117869,"order=ikj;outer=64,128,32;tile=16,64,32;micro=1,16;vector=8;unroll=1;threads=8;pack=;prefetch=0;fuse=true;pin=true"
8,14,1.12646e+07,0.172057,"order=ikj;outer=64,128,32;tile=16,64,32;micro=1,16;vector=8;unroll=1;threads=8;pack=;prefetch=0;fuse=true;pin=true"
8,15,1.12646e+07,0.229938,"order=ikj;outer=64,128,32;tile=16,64,32;micro=1,16;vector=8;unroll=1;threads=8;pack=;prefetch=0;fuse=true;pin=true"
8,16,1.12646e+07,0.275294,"order=ikj;outer=64,128,32;tile=16,64,32;micro=1,16;vector=8;unroll=1;threads=8;pack=;prefetch=0;fuse=true;pin=true"
8,17,1.12646e+07,0.239531,"order=ikj;outer=64,128,32;tile=16,64,32;micro=1,16;vector=8;unroll=1;threads=8;pack=;prefetch=0;fuse=true;pin=true"
8,18,1.12646e+07,0.176245,"order=ikj;outer=64,128,32;tile=16,64,32;micro=1,16;vector=8;unroll=1;threads=8;pack=;prefetch=0;fuse=true;pin=true"
8,19,1.12646e+07,0.116348,"order=ikj;outer=64,128,32;tile=16,64,32;micro=1,16;vector=8;unroll=1;threads=8;pack=;prefetch=0;fuse=true;pin=true"
9,0,1.12646e+07,0.170716,"order=ikj;outer=64,128,32;tile=16,64,32;micro=1,16;vector=8;unroll=4;threads=8;pack=;prefetch=0;fuse=true;pin=true"
9,1,1.12646e+07,0.196626,"order=ikj;outer=64,128,32;tile=16,64,32;micro=1,16;vector=8;unroll=4;threads=8;pack=;prefetch=0;fuse=true;pin=true"
9,2,1.12646e+07,0.174502,"order=ikj;outer=64,128,32;tile=16,64,32;micro=1,16;vector=8;unroll=4;threads=8;pack=;prefetch=0;fuse=true;pin=true"
9,3,1.12646e+07,0.117314,"order=ikj;outer=64,128,32;tile=16,64,32;micro=1,16;vector=8;unroll=4;threads=8;pack=;prefetch=0;fuse=true;pin=true"
9,4,1.12646e+07,0.11464,"order=ikj;outer=64,128,32;tile=16,64,32;micro=1,16;vector=8;unroll=4;threads=8;pack=;prefetch=0;fuse=true;pin=true"
9,5,1.12646e+07,0.17761,"order=ikj;outer=64,128,32;tile=16,64,32;micro=1,16;vector=8;unroll=4;threads=8;pack=;prefetch=0;fuse=true;pin=true"
9,6,1.12646e+07,0.144907,"order=ikj;outer=64,128,32;tile=16,64,32;micro=1,16;vector=8;unroll=4;threads=8;pack=;prefetch=0;fuse=true;pin=true"
9,7,1.12646e+07,0.121052,"order=ikj;outer=64,128,32;tile=16,64,32;micro=1,16;vector=8;unroll=4;threads=8;pack=;prefetch=0;fuse=true;pin=true"
9,8,1.12646e+07,0.279677,"order=ikj;outer=64,128,32;tile=16,64,32;micro=1,16;vector=8;unroll=4;threads=8;pack=;prefetch=0;fuse=true;pin=true"
9,9,1.12646e+07,0.269054,"order=ikj;outer=64,128,32;tile=16,64,32;micro=1,16;vector=8;unroll=4;threads=8;pack=;prefetch=0;fuse=true;pin=true"
9,10,1.12646e+07,0.113633,"order=ikj;outer=64,128,32;tile=16,64,32;micro=1,16;vector=8;unroll=4;threads=8;pack=;prefetch=0;fuse=true;pin=true"
9,11,1.12646e+07,0.118878,"order=ikj;outer=64,128,32;tile=16,64,32;micro=1,16;vector=8;unroll=4;threads=8;pack=;prefetch=0;fuse=true;pin=true"
9,12,1.12646e+07,0.197511,"order=ikj;outer=64,128,32;tile=16,64,32;micro=1,16;vector=8;unroll=4;threads=8;pack=;prefetch=0;fuse=true;pin=true"
9,13,1.12646e+07,0.187686,"order=ikj;outer=64,128,32;tile=16,64,32;micro=1,16;vector=8;unroll=4;threads=8;pack=;prefetch=0;fuse=true;pin=true"
9,14,1.12646e+07,0.113129,"order=ikj;outer=64,128,32;tile=16,64,32;micro=1,16;vector=8;unroll=4;threads=8;pack=;prefetch=0;fuse=true;pin=true"
9,15,1.12646e+07,0.202666,"order=ikj;outer=64,128,32;tile=16,64,32;micro=1,16;vector=8;unroll=4;threads=8;pack=;prefetch=0;fuse=true;pin=true"
9,16,1.12646e+07,0.206924,"order=ikj;outer=64,128,32;tile=16,64,32;micro=1,16;vector=8;unroll=4;threads=8;pack=;prefetch=0;fuse=true;pin=true"
9,17,1.12646e+07,0.190849,"order=ikj;outer=64,128,32;tile=16,64,32;micro=1,16;vector=8;unroll=4;threads=8;pack=;prefetch=0;fuse=true;pin=true"
9,18,1.12646e+07,0.11562,"order=ikj;outer=64,128,32;tile=16,64,32;micro=1,16;vector=8;unroll=4;threads=8;pack=;prefetch=0;fuse=true;pin=true"
9,19,1.12646e+07,0.112828,"order=ikj;outer=64,128,32;tile=16,64,32;micro=1,16;vector=8;unroll=4;threads=8;pack=;prefetch=0;fuse=true;pin=true"
10,0,1.12646e+07,0.04787,"order=ikj;outer=64,128,32;tile=16,64,32;micro=4,16;vector=8;unroll=1;threads=8;pack=;prefetch=0;fuse=true;pin=true"
10,1,1.12646e+07,0.120148,"order=ikj;outer=64,128,32;tile=16,64,32;micro=4,16;vector=8;unroll=1;threads=8;pack=;prefetch=0;fuse=true;pin=true"
10,2,1.12646e+07,0.115906,"order=ikj;outer=64,128,32;tile=16,64,32;micro=4,16;vector=8;unroll=1;threads=8;pack=;prefetch=0;fuse=true;pin=true"
10,3,1.12646e+07,0.051802,"order=ikj;outer=64,128,32;tile=16,64,32;micro=4,16;vector=8;unroll=1;threads=8;pack=;prefetch=0;fuse=true;pin=true"
10,4,1.12646e+07,0.175609,"order=ikj;outer=64,128,32;tile=16,64,32;micro=4,16;vector=8;unroll=1;threads=8;pack=;prefetch=0;fuse=true;pin=true"
10,5,1.12646e+07,0.051164,"order=ikj;outer=64,128,32;tile=16,64,32;micro=4,16;vector=8;unroll=1;threads=8;pack=;prefetch=0;fuse=true;pin=true"
10,6,1.12646e+07,0.051573,"order=ikj;outer=64,128,32;tile=16,64,32;micro=4,16;vector=8;unroll=1;threads=8;pack=;prefetch=0;fuse=true;pin=true"
10,7,1.12646e+07,0.106435,"order=ikj;outer=64,128,32;tile=16,64,32;micro=4,16;vector=8;unroll=1;threads=8;pack=;prefetch=0;fuse=true;pin=true"
10,8,1.12646e+07,0.052494,"order=ikj;outer=64,128,32;tile=16,64,32;micro=4,16;vector=8;unroll=1;threads=8;pack=;prefetch=0;fuse=true;pin=true"
10,9,1.12646e+07,0.188986,"order=ikj;outer=64,128,32;tile=16,64,32;micro=4,16;vector=8;unroll=1;threads=8;pack=;prefetch=0;fuse=true;pin=true"
10,10,1.12646e+07,0.051028,"order=ikj;outer=64,128,32;tile=16,64,32;micro=4,16;vector=8;unroll=1;threads=8;pack=;prefetch=0;fuse=true;pin=true"
10,11,1.12646e+07,0.051444,"order=ikj;outer=64,128,32;tile=16,64,32;micro=4,16;vector=8;unroll=1;threads=8;pack=;prefetch=0;fuse=true;pin=true"
10,12,1.12646e+07,0.170998,"order=ikj;outer=64,128,32;tile=16,64,32;micro=4,16;vector=8;unroll=1;threads=8;pack=;prefetch=0;fuse=true;pin=true"
10,13,1.12646e+07,0.049764,"order=ikj;outer=64,128,32;tile=16,64,32;micro=4,16;vector=8;unroll=1;threads=8;pack=;prefetch=0;fuse=true;pin=true"
10,14,1.12646e+07,0.052777,"order=ikj;outer=64,128,32;tile=16,64,32;micro=4,16;vector=8;unroll=1;threads=8;pack=;prefetch=0;fuse=true;pin=true"
10,15,1.12646e+07,0.048074,"order=ikj;outer=64,128,32;tile=16,64,32;micro=4,16;vector=8;unroll=1;threads=8;pack=;prefetch=0;fuse=true;pin=true"
10,16,1.12646e+07,0.195537,"order=ikj;outer=64,128,32;tile=16,64,32;micro=4,16;vector=8;unroll=1;threads=8;pack=;prefetch=0;fuse=true;pin=true"
10,17,1.12646e+07,0.195924,"order=ikj;outer=64,128,32;tile=16,64,32;micro=4,16;vector=8;unroll=1;threads=8;pack=;prefetch=0;fuse=true;pin=true"
10,18,1.12646e+07,0.201292,"order=ikj;outer=64,128,32;tile=16,64,32;micro=4,16;vector=8;unroll=1;threads=8;pack=;prefetch=0;fuse=true;pin=true"
10,19,1.12646e+07,0.050276,"order=ikj;outer=64,128,32;tile=16,64,32;micro=4,16;vector=8;unroll=1;threads=8;pack=;prefetch=0;fuse=true;pin=true"
11,0,1.12646e+07,0.049863,"order=ikj;outer=64,128,32;tile=16,64,32;micro=4,16;vector=8;unroll=4;threads=8;pack=;prefetch=0;fuse=true;pin=true"
11,1,1.12646e+07,0.11053,"order=ikj;outer=64,128,32;tile=16,64,32;micro=4,16;vector=8;unroll=4;threads=8;pack=;prefetch=0;fuse=true;pin=true"
11,2,1.12646e+07,0.121657,"order=ikj;outer=64,128,32;tile=16,64,32;micro=4,16;vector=8;unroll=4;threads=8;pack=;prefetch=0;fuse=true;pin=true"
11,3,1.12646e+07,0.0509,"order=ikj;outer=64,128,32;tile=16,64,32;micro=4,16;vector=8;unroll=4;threads=8;pack=;prefetch=0;fuse=true;pin=true"
11,4,1.12646e+07,0.050626,"order=ikj;outer=64,128,32;tile=16,64,32;micro=4,16;vector=8;unroll=4;threads=8;pack=;prefetch=0;fuse=true;pin=true"
11,5,1.12646e+07,0.124085,"order=ikj;outer=64,128,32;tile=16,64,32;micro=4,16;vector=8;unroll=4;threads=8;pack=;prefetch=0;fuse=true;pin=true"
11,6,1.12646e+07,0.050213,"order=ikj;outer=64,128,32;tile=16,64,32;micro=4,16;vector=8;unroll=4;threads=8;pack=;prefetch=0;fuse=true;pin=true"
11,7,1.12646e+07,0.053571,"order=ikj;outer=64,128,32;tile=16,64,32;micro=4,16;vector=8;unroll=4;threads=8;pack=;prefetch=0;fuse=true;pin=true"
11,8,1.12646e+07,0.122734,"order=ikj;outer=64,128,32;tile=16,64,32;micro=4,16;vector=8;unroll=4;threads=8;pack=;prefetch=0;fuse=true;pin=true"
11,9,1.12646e+07,0.099414,"order=ikj;outer=64,128,32;tile=16,64,32;micro=4,16;vector=8;unroll=4;threads=8;pack=;prefetch=0;fuse=true;pin=true"
11,10,1.12646e+07,0.177461,"order=ikj;outer=64,128,32;tile=16,64,32;micro=4,16;vector=8;unroll=4;threads=8;pack=;prefetch=0;fuse=true;pin=true"
11,11,1.12646e+07,0.047951,"order=ikj;outer=64,128,32;tile=16,64,32;micro=4,16;vector=8;unroll=4;threads=8;pack=;prefetch=0;fuse=true;pin=true"
11,12,1.12646e+07,0.053492,"order=ikj;outer=64,128,32;tile=16,64,32;micro=4,16;vector=8;unroll=4;threads=8;pack=;prefetch=0;fuse=true;pin=true"
11,13,1.12646e+07,0.134999,"order=ikj;outer=64,128,32;tile=16,64,32;micro=4,16;vector=8;unroll=4;threads=8;pack=;prefetch=0;fuse=true;pin=true"
11,14,1.12646e+07,0.139197,"order=ikj;outer=64,128,32;tile=16,64,32;micro=4,16;vector=8;unroll=4;threads=8;pack=;prefetch=0;fuse=true;pin=true"
11,15,1.12646e+07,0.190066,"order=ikj;outer=64,128,32;tile=16,64,32;micro=4,16;vector=8;unroll=4;threads=8;pack=;prefetch=0;fuse=true;pin=true"
11,16,1.12646e+07,0.054814,"order=ikj;outer=64,128,32;tile=16,64,32;micro=4,16;vector=8;unroll=4;threads=8;pack=;prefetch=0;fuse=true;pin=true"
11,17,1.12646e+07,0.137617,"order=ikj;outer=64,128,32;tile=16,64,32;micro=4,16;vector=8;unroll=4;threads=8;pack=;prefetch=0;fuse=true;pin=true"
11,18,1.12646e+07,0.187182,"order=ikj;outer=64,128,32;tile=16,64,32;micro=4,16;vector=8;unroll=4;threads=8;pack=;prefetch=0;fuse=true;pin=true"
11,19,1.12646e+07,0.052754,"order=ikj;outer=64,128,32;tile=16,64,32;micro=4,16;vector=8;unroll=4;threads=8;pack=;prefetch=0;fuse=true;pin=true"
